{
  "format_version": "1.8.0",
  "animation_controllers": {

    "controller.animation.ruin.general": {
      "states": {
        "default": {
          "animations": [
            { "general": [] }
          ]
        }
      }
    },
"controller.animation.ruin.jump": {
      "states": {
        "default": {
          "transitions": [
            { "move": "query.is_moving" }
          ]
        },
        "move": {
          "animations": [
            { "move": [] }
          ],
          "transitions": [
            { "default": "!query.is_moving" }
          ]
        }
      }
    },
    "controller.animation.ruin.move": {
      "states": {
        "default": {
          "parameters": [ "query.modified_move_speed" ],
          "animations": [
            {
              "move": [
                {
                  "0.0": 0.0,
                  "1.0": 1.0
                }
              ]
            }
          ]
        }
      }
    }
  }
}