{
	"format_version" : "1.10.0",
	"animation_controllers" : {
		"controller.animation.ruin_fire" : {
			"initial_state" : "default",
			"states" : {
				"default" : {
					"transitions" : [
						{
							"spitting" : "query.is_saddled"
						}
					]
				},
				"flaming" : {
					"particle_effects" : [
						{
							"effect" : "spitting"
						}
					],
					"transitions" : [
						{
							"default" : "query.is_saddled"
						}
					]
				}
			}
		},
		"controller.animation.rspitter2" : {
			"initial_state" : "default",
			"states" : {
				"default" : {
					"transitions" : [
						{
							"flaming" : "query.is_saddled"
						}
					]
				},
				"flaming" : {
					"particle_effects" : [
						{
							"effect" : "charged_flames"
						}
					],
					"transitions" : [
						{
							"default" : "query.is_saddled"
						}
					]
				}
			}
		},
		"controller.animation.222rspitter2" : {
			"initial_state" : "default",
			"states" : {
				"default" : {
					"transitions" : [
						{
							"flaming" : "!query.is_saddled"
						}
					]
				},
				"flaming" : {
					"particle_effects" : [
						{
							"effect" : "charged_flames"
						}
					],
					"transitions" : [
						{
							"default" : "query.is_saddled"
						}
					]
				}
			}
		},
		"controller.animation.srpitter3" : {
			"initial_state" : "default",
			"states" : {
				"default" : {
					"transitions" : [
						{
							"flaming" : "query.is_powered"
						}
					]
				},
				"flaming" : {
					"particle_effects" : [
						{
							"effect" : "charged_flames"
						}
					],
					"transitions" : [
						{
							"default" : "query.is_powered"
						}
					]
				}
			}
		},
		"controller.animation.temple_boss2" : {
			"initial_state" : "default",
			"states" : {
				"default" : {
					"transitions" : [
						{
							"flaming" : "query.is_powered"
						}
					]
				},
				"flaming" : {
					"particle_effects" : [
						{
							"effect" : "charged_flames"
						}
					],
					"transitions" : [
						{
							"default" : "query.is_powered"
						}
					]
				}
			}
		}
	}
}
