{
  "pools": [
    {
        "rolls": 1,
        "entries": [
          {
            "type": "item",
            "name": "57:cave_staff",
            "weight": 1
          }
        ]
      },
      {
        "rolls": 1,
        "entries": [
          {
            "type": "item",
            "name": "57:cave_chittin",
            "weight": 1,
            "functions": [
                {
                    "function": "set_count",
                    "count": {
                        "min": 3,
                        "max": 14
                    }
                }
            ]
          }
        ]
      },
      {
        "rolls": 1,
        "entries": [
          {
            "type": "item",
            "name": "57:disc_deep_river",
            "weight": 1,
            "functions": [
                {
                    "function": "set_count",
                    "count": {
                        "min": 0,
                        "max": 1
                    }
                }
            ]
          },
          {
            "type": "item",
            "name": "57:disc_spawn",
            "weight": 1,
            "functions": [
                {
                    "function": "set_count",
                    "count": {
                        "min": 0,
                        "max": 1
                    }
                }
            ]
          },
          {
            "type": "item",
            "name": "57:disc_change",
            "weight": 1,
            "functions": [
                {
                    "function": "set_count",
                    "count": {
                        "min": 0,
                        "max": 1
                    }
                }
            ]
          },
          {
            "type": "item",
            "name": "57:disc_levitation",
            "weight": 1,
            "functions": [
                {
                    "function": "set_count",
                    "count": {
                        "min": 0,
                        "max": 1
                    }
                }
            ]
          },
          {
            "type": "item",
            "name": "57:disc_confusion",
            "weight": 1,
            "functions": [
                {
                    "function": "set_count",
                    "count": {
                        "min": 0,
                        "max": 1
                    }
                }
            ]
          },
          {
            "type": "item",
            "name": "57:disc_grass",
            "weight": 1,
            "functions": [
                {
                    "function": "set_count",
                    "count": {
                        "min": 0,
                        "max": 1
                    }
                }
            ]
          }
        ]
      },
    {
      "rolls": 1,
      "entries": [
        {
          "type": "item",
          "name": "minecraft:iron_block",
          "weight": 1
        }
      ]
    },
    {
      "rolls": 1,
      "entries": [
        {
          "type": "item",
          "name": "minecraft:emerald_block",
          "weight": 1
        }
      ]
    },
    {
      "rolls": {
          "min": 1,
          "max": 3
      },
      "entries": [
          {
              "type": "item",
              "name": "minecraft:glowstone_dust",
              "weight": 1,
              "functions": [
                  {
                      "function": "set_count",
                      "count": {
                          "min": 0,
                          "max": 2
                      }
                  },
                  {
                      "function": "looting_enchant",
                      "count": {
                          "min": 0,
                          "max": 1
                      }
                  }
              ]
          },
          {
              "type": "item",
              "name": "minecraft:sugar",
              "weight": 1,
              "functions": [
                  {
                      "function": "set_count",
                      "count": {
                          "min": 0,
                          "max": 2
                      }
                  },
                  {
                      "function": "looting_enchant",
                      "count": {
                          "min": 0,
                          "max": 1
                      }
                  }
              ]
          },
          {
              "type": "item",
              "name": "minecraft:redstone",
              "weight": 1,
              "functions": [
                  {
                      "function": "set_count",
                      "count": {
                          "min": 0,
                          "max": 2
                      }
                  },
                  {
                      "function": "looting_enchant",
                      "count": {
                          "min": 0,
                          "max": 1
                      }
                  }
              ]
          },
          {
              "type": "item",
              "name": "minecraft:spider_eye",
              "weight": 1,
              "functions": [
                  {
                      "function": "set_count",
                      "count": {
                          "min": 0,
                          "max": 2
                      }
                  },
                  {
                      "function": "looting_enchant",
                      "count": {
                          "min": 0,
                          "max": 1
                      }
                  }
              ]
          },
          {
              "type": "item",
              "name": "minecraft:glass_bottle",
              "weight": 1,
              "functions": [
                  {
                      "function": "set_count",
                      "count": {
                          "min": 0,
                          "max": 2
                      }
                  },
                  {
                      "function": "looting_enchant",
                      "count": {
                          "min": 0,
                          "max": 1
                      }
                  }
              ]
          },
          {
              "type": "item",
              "name": "minecraft:gunpowder",
              "weight": 1,
              "functions": [
                  {
                      "function": "set_count",
                      "count": {
                          "min": 0,
                          "max": 2
                      }
                  },
                  {
                      "function": "looting_enchant",
                      "count": {
                          "min": 0,
                          "max": 1
                      }
                  }
              ]
          },
          {
              "type": "item",
              "name": "minecraft:stick",
              "weight": 2,
              "functions": [
                  {
                      "function": "set_count",
                      "count": {
                          "min": 0,
                          "max": 2
                      }
                  },
                  {
                      "function": "looting_enchant",
                      "count": {
                          "min": 0,
                          "max": 1
                      }
                  }
              ]
          }
      ]
  }
  ]
}
                    