{
    "pools": [
      {
        "rolls": 1,
        "entries": [
          {
            "type": "item",
            "name": "57:key_master_scythe",
            "weight": 1,
            "functions": [
              {
                "function": "looting_enchant",
                "count": {
                  "min": 0,
                  "max": 1
                }
              },
              {
                "function": "enchant_random_gear",
                "chance": 0.70
              }
            ]
          }
        ]
      }
    ]
  }