{
  "pools": [
    {
      "rolls": 1,
      "entries": [
        {
          "type": "item",
          "name": "57:disc_deep_river",
          "weight": 1,
          "functions": [
              {
                  "function": "set_count",
                  "count": {
                      "min": 0,
                      "max": 1
                  }
              }
          ]
        },
        {
          "type": "item",
          "name": "57:disc_spawn",
          "weight": 1,
          "functions": [
              {
                  "function": "set_count",
                  "count": {
                      "min": 0,
                      "max": 1
                  }
              }
          ]
        },
        {
          "type": "item",
          "name": "57:disc_change",
          "weight": 1,
          "functions": [
              {
                  "function": "set_count",
                  "count": {
                      "min": 0,
                      "max": 1
                  }
              }
          ]
        },
        {
          "type": "item",
          "name": "57:disc_levitation",
          "weight": 1,
          "functions": [
              {
                  "function": "set_count",
                  "count": {
                      "min": 0,
                      "max": 1
                  }
              }
          ]
        },
        {
          "type": "item",
          "name": "57:disc_confusion",
          "weight": 1,
          "functions": [
              {
                  "function": "set_count",
                  "count": {
                      "min": 0,
                      "max": 1
                  }
              }
          ]
        },
        {
          "type": "item",
          "name": "57:disc_grass",
          "weight": 1,
          "functions": [
              {
                  "function": "set_count",
                  "count": {
                      "min": 0,
                      "max": 1
                  }
              }
          ]
        }
      ]
    },
    {
      "rolls": 1,
      "entries": [
        {
          "type": "item",
          "name": "minecraft:diamond_block",
          "weight": 1,
          "functions": [
            {
                "function": "set_count",
                "count": {
                    "min": 1,
                    "max": 2
                }
            }
        ]
        }
      ]
    },
    {
      "rolls": 1,
      "entries": [
        {
          "type": "item",
          "name": "minecraft:emerald_block",
          "weight": 1,
          "functions": [
            {
                "function": "set_count",
                "count": {
                    "min": 1,
                    "max": 2
                }
            }
        ]
        }
      ]
    }
  ]
}
                    