{
  "format_version": "1.8.0",
  "minecraft:client_entity": {
    "description": {
      "identifier": "57:temple_boss2",
      "materials": {
        "default": "iron_golem"
      },
      "textures": {
        "default": "textures/entity/temple_boss2"
      },
      "geometry": {
        "default": "geometry.temple_boss2"
      },
      "scripts": {
        "scale": "5"
      },
      "animations": {
        "general": "animation.temple_boss2.general"
      },
      "particle_effects": {
        "charged_flames": "57:temple_boss2"
      },
      "animation_controllers": [
        { "general": "controller.animation.ruin.general" },
        { "flame": "controller.animation.temple_boss2" }
      ],
      "render_controllers": [ "controller.render.iron_golem" ],
      "spawn_egg": {
        "texture": "spawn_egg",
        "texture_index": 25
      }
    }
  }
}