{
  "format_version": "1.8.0",
  "minecraft:client_entity": {
    "description": {
      "identifier": "57:temple_boss",
      "materials": {
        "default": "iron_golem",
        "charged": "charged_creeper"
      },
      "textures": {
        "default": "textures/entity/temple_boss",
        "charged": "textures/entity/creeper/creeper_armor"
      },
      "geometry": {
        "default": "geometry.valk",
        "charged": "geometry.valk2"
      },
      "scripts": {
        "pre_animation": [
          "variable.tcos0 = (Math.cos(query.modified_distance_moved * 38.17) * query.modified_move_speed / variable.gliding_speed_value) * 57.3;",
          "variable.tcos1 = -variable.tcos0;",
          "variable.attack_body_rot_y = Math.sin(Math.sqrt(variable.attack_time) * 360.0) * 11.46;",
          "variable.cos_attack_body_rot_y = Math.cos(variable.attack_body_rot_y);",
          "variable.sin_attack_body_rot_y = Math.sin(variable.attack_body_rot_y);",
          "variable.internal_swim_pos = Math.mod(query.modified_distance_moved, 26.0);",
          "variable.attack = Math.sin((1.0 - (1.0 - variable.attack_time) * (1.0 - variable.attack_time)) * 180.0) * 57.3;",
          "variable.attack2 = Math.sin(variable.attack_time * 180.0) * 57.3;"
        ]
      },
      "animations": {
        "look_at_target": "animation.humanoid.look_at_target.default",
        "general": "animation.valk.move",
        "roaring": "animation.magma_golem.roar",
        "attack": "animation.magma_golem.attack"
      },
      "animation_controllers": [
        { "look_at_target": "controller.animation.titan2.look_at_target" },
        { "general": "controller.animation.titan2.general" },
        { "roaring": "controller.animation.titan2.roaring" },
        { "attack": "controller.animation.titan2.attack" }
      ],
      "render_controllers": [ "controller.render.iron_golem", "controller.render.creeper_armor" ],
      "spawn_egg": {
        "texture": "spawn_egg",
        "texture_index": 20
      }
    }
  }
}