{
  "format_version": "1.12",
  "minecraft:recipe_shaped": {
    "description": {
    "identifier": "57:lapiser"
    },

    
    "tags": [ "crafting_table" ],
    "pattern": [
      "TXT",
      "XAX",
      "TXT"
    ],
    "key": {
      "X": {
        "item": "minecraft:dye",
        "data": 4
      },
      "A": {
        "item": "57:portal_key"
      },
      "T": {
        "item": "57:multidimensional_rock"
      }
    },
    "result": {
      "item": "57:lapiser"
    }
  }
}
