{
    "format_version": "1.12",
    "minecraft:recipe_shaped": {
        "description": {
            "identifier": "57:multidimensional_hoe"
        },
        "tags": [ "crafting_table" ],
        "pattern": [
            "AA",
            "X ",
            "X "
        ],
        "key": {
            "A": {
                "item": "57:multidimensional_rock"
            },
            "X": {
                "item": "minecraft:stick"
            }
        },
        "result": {
            "item": "57:multidimensional_hoe"
        }
    }
}