{
    "format_version": "1.12",
    "minecraft:recipe_shaped": {
      "description": {
      "identifier": "57:multi_juke_box"
      },
  
      
      "tags": [ "crafting_table" ],
      "pattern": [
        "XXX",
        "XAX",
        "XXX"
      ],
      "key": {
        "X": {
            "item": "minecraft:planks",
            "data": 0
        },
        "A": {
          "item": "57:multidimensional_rock"
        }
      },
      "result": {
        "item": "57:multi_juke_box_placer"
      }
    }
  }
  