{
	"format_version": "1.8.0",
	"animations": {
		"animation.cave_egg.exist": {
			"animation_length": 10,
			"bones": {
				"bone": {
					"position": {
						"0.0": [0, -14, 0],
						"0.12": [0, 0, 0],
						"0.16": [0, 0, -1],
						"0.2": [0, 0, 1],
						"0.24": [0, 0, -1],
						"0.28": [0, 0, 1],
						"0.32": [0, 0, -1],
						"0.36": [0, 0, 1],
						"0.4": [0, 0, -1],
						"0.44": [0, 0, 1],
						"0.48": [0, 0, -1],
						"0.52": [0, 0, 1],
						"0.56": [0, 0, -1],
						"0.6": [0, 0, 1],
						"0.64": [0, 0, -1],
						"0.68": [0, 0, 1],
						"0.72": [0, 0, -1],
						"0.76": [0, 0, 1],
						"0.8": [0, 0, -1],
						"0.84": [0, 0, 1],
						"0.88": [0, 0, -1],
						"0.92": [0, 0, 1],
						"0.96": [0, 0, -1],
						"1.0": [0, 0, 1],
						"1.04": [0, 0, 0],
						"1.24": [0, -17, 0],
						"1.56": [0, -19, 0]
					},
					"scale": {
						"0.0": [1, 1, 1],
						"0.12": [1, 1, 1],
						"1.04": [0.8, 1, 0.8],
						"1.24": [3.1, 0.1, 3],
						"1.56": [3.1, 0.1, 3],
						"1.6": [0, 0, 0]
					}
				}
			},
			"sound_effects": {
				"1.04": {
					"effect": "explode"
				}
			}
		}
	}
}