{
	"format_version": "1.8.0",
	"animations": {
		"animation.ruin_boss.general": {
			"loop": true,
			"animation_length": 2.08,
			"bones": {
				"tail1": {
					"rotation": {
						"0.0": [-12.5, 0, 0],
						"1.04": [10, 0, 0],
						"2.08": [-12.5, 0, 0]
					}
				},
				"tail2": {
					"rotation": {
						"0.0": [2.5, 0, 0],
						"1.04": [-2.5, 0, 0],
						"2.08": [2.5, 0, 0]
					}
				},
				"tail3": {
					"rotation": {
						"0.0": [2.5, 0, 0],
						"1.04": [-2.5, 0, 0],
						"2.08": [2.5, 0, 0]
					}
				},
				"tail4": {
					"rotation": {
						"0.0": [2.5, 0, 0],
						"1.04": [-2.5, 0, 0],
						"2.08": [2.5, 0, 0]
					}
				},
				"tail5": {
					"rotation": {
						"0.0": [2.5, 0, 0],
						"1.04": [-2.5, 0, 0],
						"2.08": [2.5, 0, 0]
					}
				},
				"tail6": {
					"rotation": {
						"0.0": [2.5, 0, 0],
						"1.04": [-2.5, 0, 0],
						"2.08": [2.5, 0, 0]
					}
				},
				"tail7": {
					"rotation": {
						"0.0": [2.5, 0, 0],
						"1.04": [-2.5, 0, 0],
						"2.08": [2.5, 0, 0]
					}
				},
				"tail8": {
					"rotation": {
						"0.0": [2.5, 0, 0],
						"1.04": [-2.5, 0, 0],
						"2.08": [2.5, 0, 0]
					}
				},
				"tail9": {
					"rotation": {
						"0.0": [2.5, 0, 0],
						"1.04": [-2.5, 0, 0],
						"2.08": [2.5, 0, 0]
					}
				},
				"tail10": {
					"rotation": {
						"0.0": [2.5, 0, 0],
						"1.04": [-2.5, 0, 0],
						"2.08": [2.5, 0, 0]
					}
				},
				"tail11": {
					"rotation": {
						"0.0": [2.5, 0, 0],
						"1.04": [-2.5, 0, 0],
						"2.08": [2.5, 0, 0]
					}
				},
				"tail12": {
					"rotation": {
						"0.0": [2.5, 0, 0],
						"1.04": [-2.5, 0, 0],
						"2.08": [2.5, 0, 0]
					}
				},
				"neck1": {
					"rotation": {
						"0.0": [-7.5, 0, 0],
						"1.04": [5, 0, 0],
						"2.08": [-7.5, 0, 0]
					}
				},
				"neck2": {
					"rotation": {
						"0.0": [2.5, 0, 0],
						"1.04": [-2.5, 0, 0],
						"2.08": [2.5, 0, 0]
					}
				},
				"neck3": {
					"rotation": {
						"0.0": [2.5, 0, 0],
						"1.04": [-2.5, 0, 0],
						"2.08": [2.5, 0, 0]
					}
				},
				"neck4": {
					"rotation": {
						"0.0": [2.5, 0, 0],
						"1.04": [-2.5, 0, 0],
						"2.08": [2.5, 0, 0]
					}
				},
				"neck5": {
					"rotation": {
						"0.0": [2.5, 0, 0],
						"1.04": [-2.5, 0, 0],
						"2.08": [2.5, 0, 0]
					}
				},
				"head2": {
					"rotation": {
						"0.0": [-2.5, 0, 0],
						"1.04": [5, 0, 0],
						"2.08": [-2.5, 0, 0]
					}
				},
				"jaw2": {
					"rotation": {
						"0.0": [12.5, 0, 0],
						"1.04": [0, 0, 0],
						"2.08": [12.5, 0, 0]
					}
				},
				"left_wing": {
					"rotation": {
						"0.0": [40, -50, 20],
						"2.08": [40, -50, 20]
					}
				},
				"left_wing_tip": {
					"rotation": {
						"0.0": [-15, -20, 35],
						"2.08": [-15, -20, 35]
					}
				},
				"right_wing": {
					"rotation": {
						"0.0": [40, 50, -20],
						"2.08": [40, 50, -20]
					}
				},
				"right_wing_tip": {
					"rotation": {
						"0.0": [-15, 20, -35],
						"2.08": [-15, 20, -35]
					}
				}
			}
		},
		"animation.ruin_boss.death": {
			"loop": true,
			"animation_length": 99,
			"bones": {
				"tail1": {
					"rotation": {
						"0.0": [0, 0, 0],
						"0.52": [30, 0, 0],
						"1.04": [25, 0, 0],
						"1.56": [-17.5, 0, 0]
					}
				},
				"tail2": {
					"rotation": {
						"0.0": [0, 0, 0],
						"0.52": [-17.5, 0, 0],
						"1.04": [27.5, 0, 0],
						"1.56": [-7.5, 0, 0]
					}
				},
				"tail3": {
					"rotation": {
						"0.0": [0, 0, 0],
						"0.52": [-20, 0, 0],
						"1.04": [25, 0, 0],
						"1.56": [0, 0, 0]
					}
				},
				"tail4": {
					"rotation": {
						"0.0": [0, 0, 0],
						"0.52": [-17.5, 0, 0],
						"1.04": [7.5, 0, 0],
						"1.56": [10, 0, 0]
					}
				},
				"tail5": {
					"rotation": {
						"0.0": [0, 0, 0],
						"0.52": [-20, 0, 0],
						"1.04": [5, 0, 0],
						"1.56": [10, 0, 0]
					}
				},
				"tail6": {
					"rotation": {
						"0.0": [0, 0, 0],
						"0.52": [-15, 0, 0],
						"1.04": [7.5, 0, 0],
						"1.56": [5, 0, 0]
					}
				},
				"tail7": {
					"rotation": {
						"0.0": [0, 0, 0],
						"0.52": [-17.5, 0, 0],
						"1.04": [7.5, 0, 0],
						"1.56": [0, 0, 0]
					}
				},
				"tail8": {
					"rotation": {
						"0.0": [0, 0, 0],
						"0.52": [-10, 0, 0],
						"1.04": [5, 0, 0],
						"1.56": [0, 0, 0]
					}
				},
				"tail9": {
					"rotation": {
						"0.0": [0, 0, 0],
						"0.52": [-10, 0, 0],
						"1.04": [10, 0, 0],
						"1.56": [0, 0, 0]
					}
				},
				"tail10": {
					"rotation": {
						"0.0": [0, 0, 0],
						"0.52": [-12.5, 0, 0],
						"1.04": [10, 0, 0],
						"1.56": [0, 0, 0]
					}
				},
				"tail11": {
					"rotation": {
						"0.0": [0, 0, 0],
						"0.52": [-12.5, 0, 0],
						"1.04": [2.5, 0, 0],
						"1.56": [0, 0, 0]
					}
				},
				"tail12": {
					"rotation": {
						"0.0": [0, 0, 0],
						"0.52": [-25, 0, 0],
						"1.04": [15, 0, 0],
						"1.56": [0, 0, 0]
					}
				},
				"neck1": {
					"rotation": {
						"0.0": [0, 0, 0],
						"0.52": [-42.5, 0, 0],
						"1.04": [-22.5, 0, 0],
						"1.56": [12.5, 0, 0]
					}
				},
				"neck2": {
					"rotation": {
						"0.0": [0, 0, 0],
						"0.52": [32.5, 0, 0],
						"1.04": [-12.5, 0, 0],
						"1.56": [-7.5, 0, 0]
					}
				},
				"neck3": {
					"rotation": {
						"0.0": [0, 0, 0],
						"0.52": [27.5, 0, 0],
						"1.04": [-5, 0, 0],
						"1.56": [0, 0, 0]
					}
				},
				"neck4": {
					"rotation": {
						"0.0": [0, 0, 0],
						"0.52": [20, 0, 0],
						"1.04": [-7.5, 0, 0],
						"1.56": [-5, 0, 0]
					}
				},
				"neck5": {
					"rotation": {
						"0.0": [0, 0, 0],
						"0.52": [22.5, 0, 0],
						"1.04": [0, 0, 0],
						"1.56": [0, 0, 0]
					}
				},
				"head2": {
					"rotation": {
						"0.0": [0, 0, 0],
						"0.52": [17.5, 0, 0],
						"1.04": [-15, 0, 0],
						"1.56": [5, 5, -107.5]
					}
				},
				"jaw2": {
					"rotation": {
						"0.0": [0, 0, 0],
						"0.52": [27.5, 0, 0],
						"1.04": [45, 0, 0],
						"1.56": [45, 0, 42.5]
					}
				},
				"left_wing": {
					"rotation": {
						"0.0": [40, -50, 20],
						"0.52": [0, 0, 52.5],
						"1.04": [0, 0, -32.5],
						"1.56": [0, 0, 20]
					}
				},
				"left_wing_tip": {
					"rotation": {
						"0.0": [-15, -20, 35],
						"0.52": [0, 0, 37.5],
						"1.04": [0, 0, -72.5],
						"1.56": [0, 0, -17.5]
					}
				},
				"right_wing": {
					"rotation": {
						"0.0": [40, 50, -20],
						"0.52": [0, 0, -50],
						"1.04": [0, 0, 32.5],
						"1.56": [0, 0, -20]
					}
				},
				"right_wing_tip": {
					"rotation": {
						"0.0": [-15, 20, -35],
						"0.52": [0, 0, -40],
						"1.04": [0, 0, 67.5],
						"1.56": [0, 0, 20]
					}
				},
				"body": {
					"rotation": [0, 0, 0],
					"position": {
						"0.0": [0, 0, 0],
						"0.52": [0, 62, 0],
						"1.04": [0, -23, 0],
						"1.56": [0, -24, 0]
					}
				},
				"front_left_leg": {
					"rotation": {
						"0.0": [0, 0, 0],
						"0.52": [-42.5, 0, 0],
						"1.04": [-167.5, -30, 0],
						"1.56": [-117.5, -30, 0]
					}
				},
				"front_left_shin": {
					"rotation": {
						"0.0": [0, 0, 0],
						"0.52": [92.5, 0, 0],
						"1.04": [70, 0, 0],
						"1.56": [90, 0, 0]
					}
				},
				"front_left_foot": {
					"rotation": {
						"0.0": [0, 0, 0],
						"0.52": [2.5, 0, 0],
						"1.04": [-2.5, 0, 0],
						"1.56": [12.5, 0, 0]
					}
				},
				"back_left_leg": {
					"rotation": {
						"0.0": [0, 0, 0],
						"0.52": [-60, 0, 0],
						"1.04": [60, 35, 0],
						"1.56": [10, 35, 0]
					}
				},
				"back_left_shin": {
					"rotation": {
						"0.0": [0, 0, 0],
						"0.52": [80, 0, 0],
						"1.04": [90, 0, 0],
						"1.56": [110, 0, 0]
					}
				},
				"back_left_foot": {
					"rotation": {
						"0.0": [0, 0, 0],
						"0.52": [25, 0, 0],
						"1.04": [45, 0, 0],
						"1.56": [25, 0, 0]
					}
				},
				"front_right_leg": {
					"rotation": {
						"0.0": [0, 0, 0],
						"0.52": [-27.5, 0, 0],
						"1.04": [-170, 42.5, 0],
						"1.56": [-115, 42.5, 0]
					}
				},
				"front_right_shin": {
					"rotation": {
						"0.0": [0, 0, 0],
						"0.52": [72.5, 0, 0],
						"1.04": [67.5, 0, 0],
						"1.56": [85, 0, 0]
					}
				},
				"front_right_foot": {
					"rotation": {
						"0.0": [0, 0, 0],
						"0.52": [10, 0, 0],
						"1.04": [7.5, 0, 0],
						"1.56": [12.5, 0, 0]
					}
				},
				"back_right_leg": {
					"rotation": {
						"0.0": [0, 0, 0],
						"0.52": [-60, 0, 0],
						"1.04": [55, -15, 0],
						"1.56": [12.5, -15, 0]
					}
				},
				"back_right_shin": {
					"rotation": {
						"0.0": [0, 0, 0],
						"0.52": [85, 0, 0],
						"1.04": [102.5, 0, 0],
						"1.56": [107.5, 0, 0]
					}
				},
				"back_right_foot": {
					"rotation": {
						"0.0": [0, 0, 0],
						"0.52": [17.5, 0, 0],
						"1.04": [37.5, 0, 0],
						"1.56": [30, 0, 0]
					}
				}
			}
		},
		"animation.ruin_boss.move": {
			"loop": true,
			"animation_length": 1.04,
			"bones": {
				"front_left_leg": {
					"rotation": {
						"0.0": [17.5, 0, 0],
						"0.52": [-30, 0, 0],
						"0.76": [-45.58, 0, 0],
						"1.04": [17.5, 0, 0]
					}
				},
				"front_left_shin": {
					"rotation": {
						"0.0": [2.5, 0, 0],
						"0.52": [-30, 0, 0],
						"0.76": [35, 0, 0],
						"0.88": [8.57, 0, 0],
						"1.04": [2.5, 0, 0]
					}
				},
				"front_left_foot": {
					"rotation": {
						"0.0": [-25, 0, 0],
						"0.52": [0, 0, 0],
						"0.76": [10.96, 0, 0],
						"0.88": [8.05, 0, 0],
						"1.04": [-25, 0, 0]
					}
				},
				"back_left_leg": {
					"rotation": {
						"0.0": [-52.5, 0, 0],
						"0.24": [-33.85, 0, 0],
						"0.52": [15, 0, 0],
						"1.04": [-52.5, 0, 0]
					}
				},
				"back_left_shin": {
					"rotation": {
						"0.0": [-27.5, 0, 0],
						"0.24": [1.73, 0, 0],
						"0.36": [-3.3, 0, 0],
						"0.52": [25, 0, 0],
						"1.04": [-27.5, 0, 0]
					}
				},
				"back_left_foot": {
					"rotation": {
						"0.0": [-7.5, 0, 0],
						"0.24": [30, 0, 0],
						"0.36": [15, 0, 0],
						"0.44": [-20, 0, 0],
						"0.52": [-40, 0, 0],
						"1.04": [-7.5, 0, 0]
					}
				},
				"front_right_leg": {
					"rotation": {
						"0.0": [-32.5, 0, 0],
						"0.24": [-41.54, 0, 0],
						"0.52": [7.5, 0, 0],
						"1.04": [-32.5, 0, 0]
					}
				},
				"front_right_shin": {
					"rotation": {
						"0.0": [-27.5, 0, 0],
						"0.24": [31.35, 0, 0],
						"0.36": [11.49, 0, 0],
						"0.52": [2.5, 0, 0],
						"1.04": [-27.5, 0, 0]
					}
				},
				"front_right_foot": {
					"rotation": {
						"0.0": [2.5, 0, 0],
						"0.24": [9.23, 0, 0],
						"0.36": [8.49, 0, 0],
						"0.52": [-10, 0, 0],
						"1.04": [2.5, 0, 0]
					}
				},
				"back_right_leg": {
					"rotation": {
						"0.0": [17.5, 0, 0],
						"0.52": [-27.5, 0, 0],
						"0.76": [-29.23, 0, 0],
						"1.04": [17.5, 0, 0]
					}
				},
				"back_right_shin": {
					"rotation": {
						"0.0": [27.5, 0, 0],
						"0.52": [-25, 0, 0],
						"0.76": [1.73, 0, 0],
						"0.88": [5.27, 0, 0],
						"0.96": [3.88, 0, 0],
						"1.04": [27.5, 0, 0]
					}
				},
				"back_right_foot": {
					"rotation": {
						"0.0": [-42.5, 0, 0],
						"0.52": [-30, 0, 0],
						"0.76": [24.23, 0, 0],
						"0.88": [-3.3, 0, 0],
						"0.96": [-10.4, 0, 0],
						"1.04": [-42.5, 0, 0]
					}
				},
				"body": {
					"position": {
						"0.0": [0, 0, 0],
						"0.28": [0, 0, 0],
						"0.4": [0, 2, 0],
						"0.52": [0, 0, 0],
						"0.76": [0, 0, 0],
						"0.88": [0, 2, 0],
						"1.04": [0, 0, 0]
					}
				}
			}
		}
	}
}