{
	"format_version": "1.8.0",
	"animations": {
		"animation.temple_boss2.general": {
			"loop": true,
			"animation_length": 2.08,
			"bones": {
				"bone": {
					"rotation": {
						"0.0": [5, 0, 0],
						"0.52": [0, 0, 0],
						"1.04": [15, 0, 0],
						"1.56": [0, 0, 0],
						"2.08": [5, 0, 0]
					}
				},
				"bone2": {
					"rotation": {
						"0.0": [5, 0, 0],
						"0.52": [12.5, 0, 0],
						"1.04": [0, 0, 0],
						"1.56": [12.5, 0, 0],
						"2.08": [5, 0, 0]
					}
				},
				"bone3": {
					"rotation": {
						"0.0": [5, 0, 0],
						"0.52": [10, 0, 0],
						"1.04": [2.5, 0, 0],
						"1.56": [10, 0, 0],
						"2.08": [5, 0, 0]
					}
				},
				"bone4": {
					"rotation": {
						"0.0": [5, 0, 0],
						"0.52": [10, 0, 0],
						"1.04": [0, 0, 0],
						"1.56": [10, 0, 0],
						"2.08": [5, 0, 0]
					}
				},
				"bone5": {
					"rotation": {
						"0.0": [2.5, 0, 0],
						"0.52": [-7.5, 0, 0],
						"1.04": [5, 0, 0],
						"1.56": [-7.5, 0, 0],
						"2.08": [2.5, 0, 0]
					}
				}
			}
		},
		"animation.temple_boss2.death": {
			"loop": true,
			"animation_length": 99,
			"bones": {
				"bone": {
					"rotation": {
						"0.0": [5, 0, 0],
						"0.52": [42.5, 0, 0],
						"1.04": [-20, 0, -10],
						"1.56": [-20, 0, 12.5],
						"2.08": [-102.5, -30, 0],
						"2.6": [-72.5, -30, 0]
					}
				},
				"bone2": {
					"rotation": {
						"0.0": [5, 0, 0],
						"0.52": [30, 0, 0],
						"1.04": [-25, 0, -15],
						"1.56": [-25, 0, 10],
						"2.08": [-15, -10, 0],
						"2.6": [5, -10, 0]
					}
				},
				"bone3": {
					"rotation": {
						"0.0": [5, 0, 0],
						"0.52": [32.5, 0, 0],
						"1.04": [-22.5, 0, -12.5],
						"1.56": [-22.5, 0, 10],
						"2.08": [-12.5, -10, 0],
						"2.6": [17.5, -10, 0]
					}
				},
				"bone4": {
					"rotation": {
						"0.0": [5, 0, 0],
						"0.52": [25, 0, 0],
						"1.04": [-17.5, 0, -10],
						"1.56": [-17.5, 0, 17.5],
						"2.08": [-22.5, -7.5, 0],
						"2.6": [12.5, -7.5, 0]
					}
				},
				"bone5": {
					"rotation": {
						"0.0": [2.5, 0, 0],
						"0.52": [-15, 0, 0],
						"1.04": [5, 0, -20],
						"1.56": [5, 0, 12.5],
						"2.08": [47.5, 10, 0],
						"2.6": [47.5, 10, 0]
					}
				}
			}
		},
		"animation.temple_boss2.hurt": {
			"animation_length": 0.16,
			"bones": {
				"bone6": {
					"scale": {
						"0.0": [1.025, 1.025, 1.025],
						"0.16": [1, 1, 1]
					}
				}
			}
		}
	}
}