{
	"format_version": "1.8.0",
	"animations": {
		"animation.valk.move": {
			"loop": true,
			"animation_length": 2.08,
			"bones": {
				"head": {
					"rotation": {
						"0.0": [17.5, 0, 0],
						"1.04": [12.5, 0, 0],
						"2.08": [17.5, 0, 0]
					},
					"position": {
						"0.0": [0, 0, -2],
						"1.04": [0, 2, -2],
						"2.08": [0, 0, -2]
					}
				},
				"head23": {
					"rotation": {
						"0.0": [0, 0, 0],
						"1.04": [7.5, 0, 0],
						"2.08": [0, 0, 0]
					}
				},
				"rightArm": {
					"rotation": {
						"0.0": [0, 0, 75],
						"1.04": [0, 0, 60],
						"2.08": [0, 0, 75]
					}
				},
				"leftArm": {
					"rotation": {
						"0.0": [0, 0, -72.5],
						"1.04": [0, 0, -55],
						"2.08": [0, 0, -72.5]
					}
				},
				"rightLeg": {
					"rotation": {
						"0.0": [20, 0, 0],
						"1.04": [10, 0, 0],
						"2.08": [20, 0, 0]
					},
					"position": {
						"0.0": [0, 3, -4],
						"1.04": [0, 4, -4],
						"2.08": [0, 3, -4]
					}
				},
				"leftLeg": {
					"rotation": {
						"0.0": [37.5, 0, 0],
						"1.04": [45, 0, 0],
						"2.08": [37.5, 0, 0]
					}
				},
				"bone2": {
					"rotation": {
						"0.0": [-35, 0, 0],
						"1.04": [-30, 0, 0],
						"2.08": [-35, 0, 0]
					}
				},
				"bone3": {
					"rotation": {
						"0.0": [-35, 0, 0],
						"1.04": [-30, 0, 0],
						"2.08": [-35, 0, 0]
					}
				},
				"bone4": {
					"rotation": {
						"0.0": [35, 0, 0],
						"1.04": [30, 0, 0],
						"2.08": [35, 0, 0]
					},
					"position": {
						"0.0": [0, 2, -3],
						"2.08": [0, 2, -3]
					}
				},
				"bone5": {
					"rotation": {
						"0.0": [-20, 0, 0],
						"1.04": [-15, 0, 0],
						"2.08": [-20, 0, 0]
					},
					"position": {
						"0.0": [0, 3, -3],
						"2.08": [0, 3, -3]
					}
				}
			}
		},
		"animation.valk.death": {
			"loop": true,
			"animation_length": 99,
			"bones": {
				"head": {
					"rotation": {
						"0.0": [17.5, 0, 0],
						"99.0": [0, 7200, 0]
					},
					"position": [0, 0, -2]
				},
				"head23": {
					"rotation": {
						"0.0": [0, 0, 0],
						"7.0": [45, 0, 0]
					}
				},
				"rightArm": {
					"rotation": {
						"0.0": [0, 0, 75],
						"7.0": [-45, -57.5, -7.5]
					}
				},
				"leftArm": {
					"rotation": {
						"0.0": [0, 0, -72.5],
						"7.0": [-45, 57.5, 7.5]
					}
				},
				"rightLeg": {
					"rotation": {
						"0.0": [20, 0, 0],
						"7.0": [45, 0, 0]
					},
					"position": {
						"0.0": [0, 3, -4],
						"7.0": [0, 5, -6]
					}
				},
				"leftLeg": {
					"rotation": [37.5, 0, 0],
					"position": {
						"0.0": [0, 0, 0],
						"7.0": [0, 4, -5]
					}
				},
				"bone2": {
					"rotation": {
						"0.0": [-35, 0, 0],
						"7.0": [-57.5, 17.5, 2.5]
					}
				},
				"bone3": {
					"rotation": {
						"0.0": [-35, 0, 0],
						"7.0": [-55, -45, 20]
					}
				},
				"bone4": {
					"rotation": {
						"0.0": [35, 0, 0],
						"7.0": [22.5, 0, 0]
					},
					"position": {
						"0.0": [0, 2, -3],
						"7.0": [0, 3, -4]
					}
				},
				"bone5": {
					"rotation": {
						"0.0": [-20, 0, 0],
						"7.0": [-35, 0, 0]
					},
					"position": {
						"0.0": [0, 3, -3],
						"7.0": [0, 4, -1]
					}
				}
			}
		}
	}
}