{
    "format_version": "1.8.0",
    "animation_controllers": {
      "controller.animation.sky_islands": {
          "states": {
              "default": {
                  "transitions": [{
                      "spawn": "query.variant == 1000"
                  }]
              },
              "spawn": {
                  "on_entry": [
                      "/tag @a remove sky",
                      "/execute @s ~~~ detect -385 12 358 air 0 structure load sky_left -335 1 350",
                      "/execute @s ~~~ detect -385 12 358 air 0 structure load sky_boss -336 1 414",
                      "/execute @s ~~~ detect -385 12 358 air 0 structure load sky_right -400 1 415",
                      "/execute @s ~~~ detect -385 12 358 air 0 structure load sky -400 1 350"
                  ]
              }
          }
      },
      "controller.animation.other_sky_islands": {
          "states": {
              "default": {
                  "transitions": [{
                      "spawn": "query.variant == 1000"
                  }]
              },
              "spawn": {
                  "on_entry": [
                    "/kill @e[type=57:sky]",
                    "/tag @a remove sky"
                  ]
              }
          }
      },
      "controller.animation.skyman_islands": {
          "states": {
              "default": {
                  "transitions": [{
                      "spawn": "query.variant == 1000"
                  }]
              },
              "spawn": {
                  "on_entry": [
                      "/tag @a remove skyman"
                  ]
              }
          }
      },
      "controller.animation.sky_walk": {
          "states": {
              "default": {
                  "transitions": [{
                      "lightning": "!query.is_fire_immune"
                  }]
              },
              "lightning": {
                  "on_entry": [
                      "/execute @s ~~~ detect ~~~ 57:sky_portal -1 tag @s add sky",
                      "/execute @s ~~~ detect ~~~ 57:sky_portal -1 fill ~2 ~3 ~2 ~-2 ~-3 ~-2 57:other_sky_portal 1 replace 57:sky_portal",
                      "/execute @s ~~~ detect ~~~ 57:sky_portal -1 fill ~1 ~99 ~1 ~-1 ~102 ~-1 barrier 1 hollow",
                      "/execute @s ~~~ detect ~~~ 57:sky_portal -1 fill ~ ~101 ~ ~ ~101 ~ air",
                      "/execute @s ~~~ detect ~~~ 57:sky_portal -1 fill ~-1 ~100 ~-1 ~1 ~100 ~1 end_portal",
                      "/execute @s ~~~ detect ~~~ 57:sky_portal -1 tp @s ~ ~100 ~",
                      "/execute @s ~~~ detect ~~~ 57:sky_portal -1 fog @s push 57:fog_sky sky",
                      "/execute @s ~~~ detect ~~~ 57:other_sky_portal -1 fog @s push 57:fog_sky sky",
                      "/execute @s ~~~ detect ~~~ 57:sky_exit_portal -1 fog @s remove sky",
                      "/execute @s[tag=sky] ~~~ detect ~~-1~ obsidian -1 summon 57:sky",
                      "/execute @s[tag=sky] ~~~ detect ~~-1~ obsidian -1 summon 57:sky2",
                      "/execute @s[tag=sky] ~~~ detect ~~-1~ obsidian -1 summon 57:sky3",
                      "/execute @s[tag=sky] ~~~ detect ~~-1~ obsidian -1 summon 57:no",
                      "/execute @s[tag=sky] ~~~ detect ~~-1~ obsidian -1 summon 57:no",
                      "/execute @s[tag=sky] ~~~ detect ~~-1~ obsidian -1 summon 57:no",
                      "/execute @s[tag=sky] ~~~ detect ~~-1~ obsidian -1 tag @a remove sky",
                      "/execute @s[tag=skyman] ~~~ detect ~~-1~ obsidian -1 summon 57:skyman",
                      "/execute @s[tag=skyman] ~~~ detect ~~-1~ obsidian -1 tag @a remove skyman",
                      "/execute @s ~~~ detect ~~~ 57:other_sky_portal -1 tag @s add skyman",
                      "/execute @s ~~~ detect ~~~ 57:other_sky_portal -1 fill ~1 ~99 ~1 ~-1 ~102 ~-1 barrier 1 hollow",
                      "/execute @s ~~~ detect ~~~ 57:other_sky_portal -1 fill ~ ~101 ~ ~ ~101 ~ air",
                      "/execute @s ~~~ detect ~~~ 57:other_sky_portal -1 fill ~-1 ~100 ~-1 ~1 ~100 ~1 end_portal",
                      "/execute @s ~~~ detect ~~~ 57:other_sky_portal -1 tp @s ~ ~100 ~",
                      "/execute @s ~~~ detect ~~~ 57:sky_exit_portal -1 fill ~1 ~99 ~1 ~-1 ~102 ~-1 barrier 1 hollow",
                      "/execute @s ~~~ detect ~~~ 57:sky_exit_portal -1 fill ~ ~101 ~ ~ ~101 ~ air",
                      "/execute @s ~~~ detect ~~~ 57:sky_exit_portal -1 fill ~-1 ~100 ~-1 ~1 ~100 ~1 end_portal",
                      "/execute @s ~~~ detect ~~~ 57:sky_exit_portal -1 tp @s ~ ~100 ~"
                  ],
                  "transitions": [{
                      "default": "!query.is_fire_immune"
                  }]
              }
          }
      },
      "controller.animation.sky_ignite": {
          "states": {
              "default": {
                  "transitions": [{
                      "lightning": "!query.biome_has_any_tag('the_end')"
                  }]
              },
              "lightning": {
                  "on_entry": [
                    "/execute @e[type=item,name=\"item.57:torcher\"] ~~~ detect ~1~-1~ quartz_block -1 execute @e[type=item,name=\"item.57:torcher\"] ~~~ detect ~~-1~ quartz_block -1 execute @e[type=item,name=\"item.57:torcher\"] ~~~ detect ~1~3~ quartz_block -1 execute @e[type=item,name=\"item.57:torcher\"] ~~~ detect ~~3~ quartz_block -1 execute @e[type=item,name=\"item.57:torcher\"] ~~~ detect ~2~~ quartz_block -1 execute @e[type=item,name=\"item.57:torcher\"] ~~~ detect ~-1~~ quartz_block -1 execute @e[type=item,name=\"item.57:torcher\"] ~~~ detect ~2~1~ quartz_block -1 execute @e[type=item,name=\"item.57:torcher\"] ~~~ detect ~-1~1~ quartz_block -1 execute @e[type=item,name=\"item.57:torcher\"] ~~~ detect ~2~2~ quartz_block -1 execute @e[type=item,name=\"item.57:torcher\"] ~~~ detect ~-1~2~ quartz_block -1 tag @e[type=item,name=\"item.57:torcher\"] add skyr",
                    "/execute @e[type=item,tag=skyr] ~~~ fill ~1 ~ ~ ~ ~2 ~ 57:sky_portal",
                    "/execute @e[type=item,tag=skyr] ~~~ summon lightning_bolt",
                    "/execute @e[type=item,tag=skyr] ~~~ kill @e[type=item,tag=skyr]",
                    "/execute @e[type=item,name=\"item.57:torcher\"] ~~~ detect ~~-1~1 quartz_block -1 execute @e[type=item,name=\"item.57:torcher\"] ~~~ detect ~~-1~ quartz_block -1 execute @e[type=item,name=\"item.57:torcher\"] ~~~ detect ~~3~1 quartz_block -1 execute @e[type=item,name=\"item.57:torcher\"] ~~~ detect ~~3~ quartz_block -1 execute @e[type=item,name=\"item.57:torcher\"] ~~~ detect ~~~2 quartz_block -1 execute @e[type=item,name=\"item.57:torcher\"] ~~~ detect ~~~-1 quartz_block -1 execute @e[type=item,name=\"item.57:torcher\"] ~~~ detect ~~1~2 quartz_block -1 execute @e[type=item,name=\"item.57:torcher\"] ~~~ detect ~~1~-1 quartz_block -1 execute @e[type=item,name=\"item.57:torcher\"] ~~~ detect ~~2~2 quartz_block -1 execute @e[type=item,name=\"item.57:torcher\"] ~~~ detect ~~2~-1 quartz_block -1 tag @e[type=item,name=\"item.57:torcher\"] add skye",
                    "/execute @e[type=item,tag=skye] ~~~ fill ~ ~ ~1 ~ ~2 ~ 57:sky_portal",
                    "/execute @e[type=item,tag=skye] ~~~ summon lightning_bolt",
                    "/execute @e[type=item,tag=skye] ~~~ kill @e[type=item,tag=skye]"
                  ],
                  "transitions": [{
                      "default": "!query.biome_has_any_tag('the_end')"
                  }]
              }
          }
      },
      "controller.animation.death": {
          "states": {
              "default": {
                  "transitions": [{
                      "lightning": "query.is_fire_immune"
                  }]
              },
              "lightning": {
                  "on_entry": [
                      "/kill @s"
                  ],
                  "transitions": [{
                      "default": "query.is_fire_immune"
                  }]
              }
          }
      },
      "controller.animation.sky_tp": {
          "states": {
              "default": {
                  "transitions": [{
                      "woah": "query.is_fire_immune"
                  }]
              },
              "woah": {
                  "on_entry": [
                    "/tag @a remove sky",
                    "/tp @a[r=10] -383 19 358",
                    "/tp @s -383 19 358",
                    "/effect @s slow_falling 3 10",
                    "/effect @a[r=10] slow_falling 3 10"
                  ]
              }
          }
      },
      "controller.animation.sky_tp2": {
          "states": {
              "default": {
                  "transitions": [{
                      "woah": "query.is_fire_immune"
                  }]
              },
              "woah": {
                  "on_entry": [
                    "/tag @a remove sky",
                    "/tp @a[r=10] -383 19 358",
                    "/tp @s -383 19 358",
                    "/effect @s slow_falling 3 10",
                    "/effect @a[r=10] slow_falling 3 10"
                  ]
              }
          }
      },
      "controller.animation.sky_fog": {
          "states": {
              "default": {
                  "transitions": [{
                      "lightning": "query.health == 0"
                  }]
              },
              "lightning": {
                  "on_entry": [
                      "/fog @s remove sky"
                  ],
                  "transitions": [{
                      "default": "query.health != 0"
                  }]
              }
          }
      }
    }
  }