{
    "format_version": "1.8.0",
    "animation_controllers": {
      "controller.animation.temple_islands": {
          "states": {
              "default": {
                  "transitions": [{
                      "spawn": "query.variant == 1000"
                  }]
              },
              "spawn": {
                  "on_entry": [
                      "/tag @a remove temple",
                      "/execute @s ~~~ detect 358 8 357 air 0 structure load temple 350 1 350"
                  ]
              }
          }
      },
      "controller.animation.other_temple_islands": {
          "states": {
              "default": {
                  "transitions": [{
                      "spawn": "query.variant == 1000"
                  }]
              },
              "spawn": {
                  "on_entry": [
                    "/kill @e[type=57:temple]",
                    "/tag @a remove temple"
                  ]
              }
          }
      },
      "controller.animation.templeman_islands": {
          "states": {
              "default": {
                  "transitions": [{
                      "spawn": "query.variant == 1000"
                  }]
              },
              "spawn": {
                  "on_entry": [
                      "/tag @a remove templeman"
                  ]
              }
          }
      },
      "controller.animation.temple_walk": {
          "states": {
              "default": {
                  "transitions": [{
                      "lightning": "!query.is_fire_immune"
                  }]
              },
              "lightning": {
                  "on_entry": [
                      "/execute @s ~~~ detect ~~~ 57:temple_portal -1 tag @s add temple",
                      "/execute @s ~~~ detect ~~~ 57:temple_portal -1 fill ~2 ~3 ~2 ~-2 ~-3 ~-2 57:other_temple_portal 1 replace 57:temple_portal",
                      "/execute @s ~~~ detect ~~~ 57:temple_portal -1 fill ~1 ~99 ~1 ~-1 ~102 ~-1 barrier 1 hollow",
                      "/execute @s ~~~ detect ~~~ 57:temple_portal -1 fill ~ ~101 ~ ~ ~101 ~ air",
                      "/execute @s ~~~ detect ~~~ 57:temple_portal -1 fill ~-1 ~100 ~-1 ~1 ~100 ~1 end_portal",
                      "/execute @s ~~~ detect ~~~ 57:temple_portal -1 tp @s ~ ~100 ~",
                      "/execute @s ~~~ detect ~~~ 57:temple_portal -1 fog @s push 57:fog_temple temple",
                      "/execute @s ~~~ detect ~~~ 57:other_temple_portal -1 fog @s push 57:fog_temple temple",
                      "/execute @s ~~~ detect ~~~ 57:temple_exit_portal -1 fog @s remove temple",
                      "/execute @s[tag=temple] ~~~ detect ~~-1~ obsidian -1 summon 57:temple",
                      "/execute @s[tag=temple] ~~~ detect ~~-1~ obsidian -1 summon 57:temple2",
                      "/execute @s[tag=temple] ~~~ detect ~~-1~ obsidian -1 summon 57:temple3",
                      "/execute @s[tag=temple] ~~~ detect ~~-1~ obsidian -1 summon 57:no",
                      "/execute @s[tag=temple] ~~~ detect ~~-1~ obsidian -1 summon 57:no",
                      "/execute @s[tag=temple] ~~~ detect ~~-1~ obsidian -1 summon 57:no",
                      "/execute @s[tag=temple] ~~~ detect ~~-1~ obsidian -1 tag @a remove temple",
                      "/execute @s[tag=templeman] ~~~ detect ~~-1~ obsidian -1 summon 57:templeman",
                      "/execute @s[tag=templeman] ~~~ detect ~~-1~ obsidian -1 tag @a remove templeman",
                      "/execute @s ~~~ detect ~~~ 57:other_temple_portal -1 tag @s add templeman",
                      "/execute @s ~~~ detect ~~~ 57:other_temple_portal -1 fill ~1 ~99 ~1 ~-1 ~102 ~-1 barrier 1 hollow",
                      "/execute @s ~~~ detect ~~~ 57:other_temple_portal -1 fill ~ ~101 ~ ~ ~101 ~ air",
                      "/execute @s ~~~ detect ~~~ 57:other_temple_portal -1 fill ~-1 ~100 ~-1 ~1 ~100 ~1 end_portal",
                      "/execute @s ~~~ detect ~~~ 57:other_temple_portal -1 tp @s ~ ~100 ~",
                      "/execute @s ~~~ detect ~~~ 57:temple_exit_portal -1 fill ~1 ~99 ~1 ~-1 ~102 ~-1 barrier 1 hollow",
                      "/execute @s ~~~ detect ~~~ 57:temple_exit_portal -1 fill ~ ~101 ~ ~ ~101 ~ air",
                      "/execute @s ~~~ detect ~~~ 57:temple_exit_portal -1 fill ~-1 ~100 ~-1 ~1 ~100 ~1 end_portal",
                      "/execute @s ~~~ detect ~~~ 57:temple_exit_portal -1 tp @s ~ ~100 ~"
                  ],
                  "transitions": [{
                      "default": "!query.is_fire_immune"
                  }]
              }
          }
      },
      "controller.animation.temple_ignite": {
          "states": {
              "default": {
                  "transitions": [{
                      "lightning": "!query.biome_has_any_tag('the_end')"
                  }]
              },
              "lightning": {
                  "on_entry": [
                    "/execute @e[type=item,name=\"item.57:flinter\"] ~~~ detect ~1~-1~ sandstone -1 execute @e[type=item,name=\"item.57:flinter\"] ~~~ detect ~~-1~ sandstone -1 execute @e[type=item,name=\"item.57:flinter\"] ~~~ detect ~1~3~ sandstone -1 execute @e[type=item,name=\"item.57:flinter\"] ~~~ detect ~~3~ sandstone -1 execute @e[type=item,name=\"item.57:flinter\"] ~~~ detect ~2~~ sandstone -1 execute @e[type=item,name=\"item.57:flinter\"] ~~~ detect ~-1~~ sandstone -1 execute @e[type=item,name=\"item.57:flinter\"] ~~~ detect ~2~1~ sandstone -1 execute @e[type=item,name=\"item.57:flinter\"] ~~~ detect ~-1~1~ sandstone -1 execute @e[type=item,name=\"item.57:flinter\"] ~~~ detect ~2~2~ sandstone -1 execute @e[type=item,name=\"item.57:flinter\"] ~~~ detect ~-1~2~ sandstone -1 tag @e[type=item,name=\"item.57:flinter\"] add templer",
                    "/execute @e[type=item,tag=templer] ~~~ fill ~1 ~ ~ ~ ~2 ~ 57:temple_portal",
                    "/execute @e[type=item,tag=templer] ~~~ summon lightning_bolt",
                    "/execute @e[type=item,tag=templer] ~~~ kill @e[type=item,tag=templer]",
                    "/execute @e[type=item,name=\"item.57:flinter\"] ~~~ detect ~~-1~1 sandstone -1 execute @e[type=item,name=\"item.57:flinter\"] ~~~ detect ~~-1~ sandstone -1 execute @e[type=item,name=\"item.57:flinter\"] ~~~ detect ~~3~1 sandstone -1 execute @e[type=item,name=\"item.57:flinter\"] ~~~ detect ~~3~ sandstone -1 execute @e[type=item,name=\"item.57:flinter\"] ~~~ detect ~~~2 sandstone -1 execute @e[type=item,name=\"item.57:flinter\"] ~~~ detect ~~~-1 sandstone -1 execute @e[type=item,name=\"item.57:flinter\"] ~~~ detect ~~1~2 sandstone -1 execute @e[type=item,name=\"item.57:flinter\"] ~~~ detect ~~1~-1 sandstone -1 execute @e[type=item,name=\"item.57:flinter\"] ~~~ detect ~~2~2 sandstone -1 execute @e[type=item,name=\"item.57:flinter\"] ~~~ detect ~~2~-1 sandstone -1 tag @e[type=item,name=\"item.57:flinter\"] add templee",
                    "/execute @e[type=item,tag=templee] ~~~ fill ~ ~ ~1 ~ ~2 ~ 57:temple_portal",
                    "/execute @e[type=item,tag=templee] ~~~ summon lightning_bolt",
                    "/execute @e[type=item,tag=templee] ~~~ kill @e[type=item,tag=templee]"
                  ],
                  "transitions": [{
                      "default": "!query.biome_has_any_tag('the_end')"
                  }]
              }
          }
      },
      "controller.animation.death": {
          "states": {
              "default": {
                  "transitions": [{
                      "lightning": "query.is_fire_immune"
                  }]
              },
              "lightning": {
                  "on_entry": [
                      "/kill @s"
                  ],
                  "transitions": [{
                      "default": "query.is_fire_immune"
                  }]
              }
          }
      },
      "controller.animation.temple_tp": {
          "states": {
              "default": {
                  "transitions": [{
                      "woah": "query.is_fire_immune"
                  }]
              },
              "woah": {
                  "on_entry": [
                    "/tag @a remove temple",
                    "/tp @a[r=10] 355 19 358",
                    "/tp @s 355 19 358",
                    "/effect @s slow_falling 3 10",
                    "/effect @a[r=10] slow_falling 3 10"
                  ]
              }
          }
      },
      "controller.animation.temple_tp2": {
          "states": {
              "default": {
                  "transitions": [{
                      "woah": "query.is_fire_immune"
                  }]
              },
              "woah": {
                  "on_entry": [
                    "/tag @a remove temple",
                    "/tp @a[r=10] 355 19 358",
                    "/tp @s 355 19 358",
                    "/effect @s slow_falling 3 10",
                    "/effect @a[r=10] slow_falling 3 10"
                  ]
              }
          }
      },
      "controller.animation.temple_fog": {
          "states": {
              "default": {
                  "transitions": [{
                      "lightning": "query.health == 0"
                  }]
              },
              "lightning": {
                  "on_entry": [
                      "/fog @s remove temple"
                  ],
                  "transitions": [{
                      "default": "query.health != 0"
                  }]
              }
          }
      }
    }
  }