{
  "entity_sounds": {
    "entities": {
      "57:skys_cow" : {
        "events" : {
           "ambient" : "mob.cow.say",
           "death" : "mob.cow.hurt",
           "hurt" : "mob.cow.hurt",
           "step" : {
              "pitch" : [ 0.90, 1.10 ],
              "sound" : "mob.cow.step",
              "volume" : 0.650
           }
        },
        "pitch" : [ 0.80, 1.20 ],
        "volume" : 1.0
     },
      "57:ruin_golem" : {
        "events" : {
           "ambient" : "mob.irongolem.say",
           "death" : "mob.irongolem.death",
           "hurt" : "mob.irongolem.hit",
           "roar" : "mob.irongolem.death",
           "step" : {
              "pitch" : 1.0,
              "sound" : "mob.irongolem.walk",
              "volume" : 1.0
           },
           "throw" : {
              "pitch" : 1.0,
              "sound" : "mob.irongolem.throw",
              "volume" : 1.0
           }
        },
        "pitch" : [ 0.80, 1.20 ],
        "volume" : 1.0
     },
     "57:sky_gaurd" : {
      "events" : {
         "ambient" : "mob.elderguardian.idle",
         "death" : "mob.elderguardian.death",
         "water" : "mob.elderguardian.hit"
      },
      "pitch" : [ 0.80, 0.80 ],
      "volume" : 6.0
   },
   "57:multidimensional_effect" : {
    "events" : {
       "ambient" : "mob.elderguardian.idle",
       "death" : "mob.elderguardian.death",
       "water" : "mob.elderguardian.hit"
    },
    "pitch" : [ 0.80, 0.80 ],
    "volume" : 0.0
 },
      "57:ruin_boss": {
        "volume": 100.0,
        "pitch": [ 1.0, 1.0 ],
        "events": {
          "ambient": "mob.enderdragon.growl",
          "hurt": "mob.enderdragon.hit",
          "death": "mob.horse.zombie.death"
        }
      },
      "57:sky_boss": {
        "volume": 100.0,
        "pitch": [ 1.0, 1.0 ],
        "events": {
          "ambient": "mob.enderdragon.growl",
          "hurt": "mob.enderdragon.hit",
          "death": "mob.horse.zombie.death",
          "shoot": "mob.irongolem.death"
        }
      },
      "57:sky_boss2": {
        "volume": 200.0,
        "pitch": [ 0.5, 0.5 ],
        "events": {
          "ambient": "mob.zoglin.angry",
          "hurt": "mob.zoglin.angry",
          "death": "mob.zoglin.death",
          "roar": "mob.irongolem.death"
        }
      },
      "57:temple_boss2" : {
        "events" : {
           "ambient" : "mob.horse.skeleton.idle",
           "death" : "mob.horse.skeleton.death",
           "hurt" : "mob.horse.skeleton.hit",
           "shoot": "mob.enderdragon.hit"
        },
        "pitch" : [ 0.80, 0.80 ],
        "volume" : 450
     },
      "57:temple_boss": {
        "volume": 200.0,
        "pitch": [ 1.0, 1.0 ],
        "events": {
          "ambient": "mob.husk.ambient",
          "hurt": "mob.husk.hurt",
          "death": "mob.husk.death",
          "shoot": "mob.enderdragon.hit"
        }
      },
      "57:temple_roar": {
        "volume": 90.0,
        "pitch": [ 1.0, 1.0 ],
        "events": {
          "roar": "random.explode"
        }
      },
      "57:sky_roar": {
        "volume": 100.0,
        "pitch": [ 1.0, 1.0 ],
        "events": {
          "roar": "mob.enderdragon.hit"
        }
      },
      "57:cave_boss" : {
        "events" : {
           "ambient" : "mob.spider.say",
           "death" : "mob.spider.death",
           "hurt" : "mob.spider.say",
           "plop" : "mob.ghast.fireball",
           "step" : {
              "pitch" : [ 0.90, 1.10 ],
              "sound" : "mob.spider.step",
              "volume" : 0.350
           }
        },
        "pitch" : [ 0.7, 0.7 ],
        "volume" : 6.0
     },
     "57:key_master" : {
      "events" : {
         "ambient" : "mob.blaze.breathe",
         "death" : "mob.endermen.death",
         "hurt" : "mob.husk.hurt",
         "plop" : "mob.ghast.fireball"
      },
      "pitch" : [ 0.7, 0.7 ],
      "volume" : 6.0
   }
    }
  }
}