{
  "format_version": "1.8.0",
  "minecraft:spawn_rules": {
    "description": {
      "identifier": "57:skys_cow",
      "population_control": "monster"
    },
    "conditions": [
      {
        "minecraft:spawns_underground": {},
        "minecraft:spawns_on_surface": {},
        "minecraft:spawns_on_block_filter": "57:sky_grass",
        "minecraft:weight": {
          "default": 18
        },
        "minecraft:herd": {
          "min_size": 1,
          "max_size": 1
        },
        "minecraft:biome_filter": [
          {
            "test": "has_biome_tag", "operator": "==", "value": "the_end"
          }
        ]
      }
    ]
  }
}