{
  "format_version": "1.8.0",
  "minecraft:spawn_rules": {
    "description": {
      "identifier": "minecraft:spider",
      "population_control": "monster"
    },
    "conditions": [
      {
        "minecraft:spawns_on_surface": {
        },
  
        "minecraft:spawns_underground": {
        },

        "minecraft:brightness_filter": {
          "min": 0,
          "max": 7,
          "adjust_for_weather": true
        },

        "minecraft:difficulty_filter": {
          "min": "easy",
          "max": "hard"
        },

        "minecraft:weight": {
          "default": 100
        },
        
        "minecraft:biome_filter": {
            "test": "has_biome_tag", "operator":"==", "value": "monster"
        }
      },
      {
        "minecraft:spawns_underground": {},
        "minecraft:spawns_on_surface": {},
        "minecraft:spawns_on_block_filter": "57:cave_stone",
        "minecraft:weight": {
          "default": 15
        },
        "minecraft:herd": {
          "min_size": 1,
          "max_size": 1
        },
        "minecraft:biome_filter": [
          {
            "test": "has_biome_tag", "operator": "==", "value": "the_end"
          }
        ]
      }
    ]
  }
}