{
    "format_version": "1.13.0",
    "minecraft:feature_rules": {
        "description": {
            "identifier": "57:overworld_multidimensional_ore",
            "places_feature": "57:multidimensional_ore"
        },
        "conditions": {
            "placement_pass": "underground_pass",
            "minecraft:biome_filter": [
                {
                    "any_of": [
                        {
                            "test": "has_biome_tag",
                            "operator": "==",
                            "value": "overworld"
                        },
                        {
                            "test": "has_biome_tag",
                            "operator": "==",
                            "value": "overworld_generation"
                        }
                    ]
                }
            ]
        },
        "distribution": {
            "iterations": 8,
            "coordinate_eval_order": "zyx",
            "x": {
                "distribution": "uniform",
                "extent": [ 0, 16 ]
            },
            "y": {
                "distribution": "uniform",
                "extent": [ 0, 35 ]
            },
            "z": {
                "distribution": "uniform",
                "extent": [ 0, 16 ]
            }
        }
    }
}