{
   "resource_pack_name" : "mdv4",
   "texture_data" : {
      "multidimensional_chestplate":{
         "textures": 
           "textures/items/multidimensional_chestplate"
       },
       "multidimensional_leggings":{
         "textures": 
           "textures/items/multidimensional_leggings"
       },
       "multidimensional_boots":{
         "textures": 
           "textures/items/multidimensional_boots"
       },
       "multidimensional_potion":{
         "textures": 
           "textures/items/multidimensional_potion"
       },
        "multidimensional_helmet":{
          "textures": 
            "textures/items/multidimensional_helmet"
        },
        "multidimensional_rock":{
         "textures": 
           "textures/items/multidimensional_rock"
       },
       "multidimensional_sword":{
         "textures": 
           "textures/items/multidimensional_sword"
       },
       "multidimensional_pickaxe":{
         "textures": 
           "textures/items/multidimensional_pickaxe"
       },
       "multidimensional_axe":{
         "textures": 
           "textures/items/multidimensional_axe"
       },
       "multidimensional_hoe":{
         "textures": 
           "textures/items/multidimensional_hoe"
       },
       "multidimensional_shovel":{
         "textures": 
           "textures/items/multidimensional_shovel"
       },
       "disc_deep_river":{
         "textures": 
           "textures/items/disc_deep_river"
       },
       "disc_change":{
         "textures": 
           "textures/items/disc_change"
       },
       "disc_spawn":{
         "textures": 
           "textures/items/disc_spawn"
       },
       "disc_levitation":{
        "textures": 
          "textures/items/disc_levitation"
      },
      "disc_confusion":{
        "textures": 
          "textures/items/disc_confusion"
      },
      "disc_grass":{
        "textures": 
          "textures/items/disc_grass"
      },
      "lava_bucketer" : {
         "textures" : "textures/items/lava_bucketer"
      },
      "portal_key" : {
         "textures" : "textures/items/portal_key"
      },
      "key_master_scythe" : {
         "textures" : "textures/items/key_master_scythe"
      },
      "torcher" : {
         "textures" : "textures/items/torcher"
      },
      "lapiser" : {
         "textures" : "textures/items/lapiser"
      },
      "flinter" : {
         "textures" : "textures/items/flinter"
      },
      "temple_saliva" : {
        "textures" : "textures/items/temple_saliva"
     },
     "cave_chittin" : {
      "textures" : "textures/items/cave_chittin"
   },
   "temple_potion" : {
    "textures" : "textures/items/temple_potion"
 },
 "cave_potion" : {
  "textures" : "textures/items/cave_potion"
},
      "temple_staff" : {
         "textures" : "textures/items/temple_staff"
      },
      "sky_staff" : {
         "textures" : "textures/items/cave_staff"
      },
      "ruin_staff" : {
         "textures" : "textures/items/ruin_staff"
      },
      "cave_staff" : {
         "textures" : "textures/items/sky_staff"
      },
      "multi_juke_box_placer" : {
        "textures" : "textures/items/multi_juke_box_placer"
     }
   },
   "texture_name" : "atlas.items"
}
