{
	"format_version": "1.8.0",
	"geometry.cave_boss": {
		"texturewidth": 64,
		"textureheight": 32,
		"visible_bounds_width": 4,
		"visible_bounds_height": 2,
		"visible_bounds_offset": [0, 1, 0],
		"bones": [
			{
				"name": "body0",
				"pivot": [0, 9, 0],
				"cubes": [
					{"origin": [-3, 6, -3], "size": [6, 6, 6], "uv": [0, 0]}
				]
			},
			{
				"name": "head",
				"parent": "body0",
				"pivot": [0, 9, -3],
				"cubes": [
					{"origin": [-4, 5, -11], "size": [8, 8, 8], "uv": [32, 4]}
				]
			},
			{
				"name": "bone",
				"parent": "head",
				"pivot": [3, 5, -9],
				"rotation": [0, -10, 0],
				"cubes": [
					{"origin": [2, 5, -14], "size": [2, 2, 5], "uv": [16, 15]}
				]
			},
			{
				"name": "bone2",
				"parent": "bone",
				"pivot": [3.5113, 5, -13.44281],
				"rotation": [0, 40, 0],
				"cubes": [
					{"origin": [2.5113, 5, -18.44281], "size": [2, 2, 5], "uv": [19, 15], "inflate": -0.5}
				]
			},
			{
				"name": "bone3",
				"parent": "head",
				"pivot": [-3, 5, -9],
				"rotation": [0, 10, 0],
				"cubes": [
					{"origin": [-4, 5, -14], "size": [2, 2, 5], "uv": [16, 16]}
				]
			},
			{
				"name": "bone4",
				"parent": "bone3",
				"pivot": [-3.4735, 5, -13.61646],
				"rotation": [0, -40, 0],
				"cubes": [
					{"origin": [-4.4735, 5, -18.61646], "size": [2, 2, 5], "uv": [20, 15], "inflate": -0.5}
				]
			},
			{
				"name": "body1",
				"parent": "body0",
				"pivot": [0, 9, 9],
				"cubes": [
					{"origin": [-5, 5, 3], "size": [10, 8, 12], "uv": [0, 12]},
					{"origin": [-4, 6, 13], "size": [8, 6, 5], "uv": [16, 15]},
					{"origin": [-3, 7, 18], "size": [6, 4, 1], "uv": [24, 17]}
				]
			},
			{
				"name": "leg0",
				"parent": "body0",
				"pivot": [-4, 9, 2],
				"rotation": [0, 0, 10],
				"cubes": [
					{"origin": [-11, 8, 1], "size": [8, 2, 2], "uv": [18, 0]}
				]
			},
			{
				"name": "leg9",
				"parent": "leg0",
				"pivot": [-11, 9, 2],
				"rotation": [0, 0, -30],
				"cubes": [
					{"origin": [-19, 8, 1], "size": [8, 2, 2], "uv": [18, 0]}
				]
			},
			{
				"name": "leg1",
				"parent": "body0",
				"pivot": [4, 9, 2],
				"rotation": [0, 0, -10],
				"cubes": [
					{"origin": [3, 8, 1], "size": [8, 2, 2], "uv": [18, 0]}
				]
			},
			{
				"name": "leg10",
				"parent": "leg1",
				"pivot": [11, 9, 2],
				"rotation": [0, 0, 30],
				"cubes": [
					{"origin": [11, 8, 1], "size": [8, 2, 2], "uv": [18, 0]}
				]
			},
			{
				"name": "leg2",
				"parent": "body0",
				"pivot": [-4, 9, 1],
				"rotation": [0, 0, 10],
				"cubes": [
					{"origin": [-11, 8, 0], "size": [8, 2, 2], "uv": [18, 0]}
				]
			},
			{
				"name": "leg11",
				"parent": "leg2",
				"pivot": [-11, 9, 1],
				"rotation": [0, 0, -30],
				"cubes": [
					{"origin": [-19, 8, 0], "size": [8, 2, 2], "uv": [18, 0]}
				]
			},
			{
				"name": "leg3",
				"parent": "body0",
				"pivot": [4, 9, 1],
				"rotation": [0, 0, -10],
				"cubes": [
					{"origin": [3, 8, 0], "size": [8, 2, 2], "uv": [18, 0]}
				]
			},
			{
				"name": "leg14",
				"parent": "leg3",
				"pivot": [11, 9, 1],
				"rotation": [0, 0, 30],
				"cubes": [
					{"origin": [11, 8, 0], "size": [8, 2, 2], "uv": [18, 0]}
				]
			},
			{
				"name": "leg4",
				"parent": "body0",
				"pivot": [-4, 9, 0],
				"rotation": [0, 0, 10],
				"cubes": [
					{"origin": [-11, 8, -1], "size": [8, 2, 2], "uv": [18, 0]}
				]
			},
			{
				"name": "leg12",
				"parent": "leg4",
				"pivot": [-11, 9, 0],
				"rotation": [0, 0, -30],
				"cubes": [
					{"origin": [-19, 8, -1], "size": [8, 2, 2], "uv": [18, 0]}
				]
			},
			{
				"name": "leg5",
				"parent": "body0",
				"pivot": [4, 9, 0],
				"rotation": [0, 0, -10],
				"cubes": [
					{"origin": [3, 8, -1], "size": [8, 2, 2], "uv": [18, 0]}
				]
			},
			{
				"name": "leg13",
				"parent": "leg5",
				"pivot": [11, 9, 0],
				"rotation": [0, 0, 30],
				"cubes": [
					{"origin": [11, 8, -1], "size": [8, 2, 2], "uv": [18, 0]}
				]
			},
			{
				"name": "leg6",
				"parent": "body0",
				"pivot": [-4, 9, -1],
				"rotation": [0, 0, 10],
				"cubes": [
					{"origin": [-11, 8, -2], "size": [8, 2, 2], "uv": [18, 0]}
				]
			},
			{
				"name": "leg8",
				"parent": "leg6",
				"pivot": [-11, 9, -1],
				"rotation": [0, 0, -30],
				"cubes": [
					{"origin": [-19, 8, -2], "size": [8, 2, 2], "uv": [18, 0]}
				]
			},
			{
				"name": "leg7",
				"parent": "body0",
				"pivot": [4, 9, -1],
				"rotation": [0, 0, -10],
				"cubes": [
					{"origin": [3, 8, -2], "size": [8, 2, 2], "uv": [18, 0]}
				]
			},
			{
				"name": "leg15",
				"parent": "leg7",
				"pivot": [11, 9, -1],
				"rotation": [0, 0, 30],
				"cubes": [
					{"origin": [11, 8, -2], "size": [8, 2, 2], "uv": [18, 0]}
				]
			}
		]
	}
}