{
	"format_version": "1.12.0",
	"minecraft:geometry": [
		{
			"description": {
				"identifier": "geometry.cave_egg",
				"texture_width": 64,
				"texture_height": 64,
				"visible_bounds_width": 2,
				"visible_bounds_height": 3.5,
				"visible_bounds_offset": [0, 1.25, 0]
			},
			"bones": [
				{
					"name": "bone",
					"pivot": [0, 19, 0],
					"cubes": [
						{"origin": [-6, 1, -6], "size": [12, 10, 13], "uv": [0, 34]},
						{"origin": [-4, 0, -4], "size": [8, 13, 9], "uv": [14, 11]}
					]
				}
			]
		}
	]
}