{
	"format_version": "1.12.0",
	"minecraft:geometry": [
		{
			"description": {
				"identifier": "geometry.temple_boss2",
				"texture_width": 64,
				"texture_height": 64,
				"visible_bounds_width": 5,
				"visible_bounds_height": 4.5,
				"visible_bounds_offset": [0, 1.75, 0]
			},
			"bones": [
				{
					"name": "bone6",
					"pivot": [0, 1, 2],
					"cubes": [
						{"origin": [-8, -7, -6], "size": [16, 16, 16], "uv": [0, 32]}
					]
				},
				{
					"name": "bone5",
					"parent": "bone6",
					"pivot": [0, 10, -2],
					"cubes": [
						{"origin": [-8, 2, -10], "size": [16, 16, 16], "uv": [0, 32]}
					]
				},
				{
					"name": "bone4",
					"parent": "bone5",
					"pivot": [0, 18, -5],
					"cubes": [
						{"origin": [-8, 10, -13], "size": [16, 16, 16], "uv": [0, 32]}
					]
				},
				{
					"name": "bone3",
					"parent": "bone4",
					"pivot": [0, 28, -11],
					"cubes": [
						{"origin": [-8, 20, -19], "size": [16, 16, 16], "uv": [0, 32]}
					]
				},
				{
					"name": "bone2",
					"parent": "bone3",
					"pivot": [0, 35, -16],
					"cubes": [
						{"origin": [-8, 27, -24], "size": [16, 16, 16], "uv": [0, 32]}
					]
				},
				{
					"name": "bone",
					"parent": "bone2",
					"pivot": [0, 42, -20],
					"cubes": [
						{"origin": [-8, 34, -36], "size": [16, 16, 16], "uv": [0, 0]},
						{"origin": [6.8, 42, -42], "size": [2, 2, 3], "pivot": [7, 43, -37.5], "rotation": [0, 22.5, 0], "uv": [53, 0]},
						{"origin": [6, 42, -39], "size": [2, 2, 3], "uv": [53, 0]},
						{"origin": [-6, 47, -39], "size": [2, 2, 3], "pivot": [-5, 47, -37.5], "rotation": [0, 0, -52.5], "uv": [53, 0]},
						{"origin": [-6.79335, 46.1, -42], "size": [2, 2, 3], "pivot": [-5.79335, 47.60876, -40.5], "rotation": [32.5, 0, -52.5], "uv": [53, 0]},
						{"origin": [-3, 48, -39], "size": [2, 2, 3], "pivot": [-2, 49, -37.5], "rotation": [0, 0, -12.5], "uv": [53, 0]},
						{"origin": [-3, 47.6, -42], "size": [2, 2, 3], "pivot": [-2, 49, -40.5], "rotation": [22.5, 0, -12.5], "uv": [53, 0]},
						{"origin": [1.5, 48, -39], "size": [2, 2, 3], "pivot": [2.5, 49, -37.5], "rotation": [0, 0, 10], "uv": [53, 0]},
						{"origin": [1.5, 48, -39], "size": [2, 2, 3], "pivot": [2.5, 49, -37.5], "rotation": [0, 0, 10], "uv": [53, 0]},
						{"origin": [1.5, 47.6, -42], "size": [2, 2, 3], "pivot": [2.5, 49, -40.5], "rotation": [22.5, 0, 10], "uv": [53, 0]},
						{"origin": [-8, 42, -39], "size": [2, 2, 3], "uv": [53, 0]},
						{"origin": [-7.7, 42, -42], "size": [2, 2, 3], "pivot": [-7, 43, -40.5], "rotation": [0, -27.5, 0], "uv": [53, 0]},
						{"origin": [-8, 38, -39], "size": [2, 2, 3], "pivot": [-7, 39, -37.5], "rotation": [0, 0, -12.5], "uv": [53, 0]},
						{"origin": [-7.7, 38, -42], "size": [2, 2, 3], "pivot": [-7, 39, -40.5], "rotation": [0, -20, -12.5], "uv": [53, 0]},
						{"origin": [-6, 34, -39], "size": [2, 2, 3], "pivot": [-5, 35, -37.5], "rotation": [0, 0, 32.5], "uv": [53, 0]},
						{"origin": [-6, 34.3, -42], "size": [2, 2, 3], "pivot": [-5, 35, -40.5], "rotation": [-22.5, 0, 32.5], "uv": [53, 0]},
						{"origin": [-2, 34, -39], "size": [2, 2, 3], "pivot": [-1, 35, -37.5], "rotation": [0, 0, 7.5], "uv": [53, 0]},
						{"origin": [-2, 34.3, -42], "size": [2, 2, 3], "pivot": [-1, 35, -40.5], "rotation": [-17.5, 0, 7.5], "uv": [53, 0]},
						{"origin": [3, 34, -39], "size": [2, 2, 3], "pivot": [4, 35, -37.5], "rotation": [0, 0, 77.5], "uv": [53, 0]},
						{"origin": [2.7, 34, -42], "size": [2, 2, 3], "pivot": [4, 35, -40.5], "rotation": [0, 15, 77.5], "uv": [53, 0]},
						{"origin": [6, 36, -39], "size": [2, 2, 3], "pivot": [7, 37, -37.5], "rotation": [0, 0, 45], "uv": [53, 0]},
						{"origin": [6, 36, -42], "size": [2, 2, 3], "pivot": [7, 37, -39.5], "rotation": [0, 25, 45], "uv": [53, 0]},
						{"origin": [5, 47, -39], "size": [2, 2, 3], "pivot": [7, 48, -37.5], "rotation": [0, 0, -42.5], "uv": [53, 0]},
						{"origin": [4.9, 46.32441, -42], "size": [2, 2, 3], "pivot": [6.26272, 47.32441, -40.5], "rotation": [0, 22.5, -42.5], "uv": [53, 0]}
					]
				}
			]
		}
	]
}