{
	"format_version": "1.12.0",
	"minecraft:geometry": [
		{
			"description": {
				"identifier": "geometry.valk",
				"texture_width": 64,
				"texture_height": 32,
				"visible_bounds_width": 2,
				"visible_bounds_height": 3.5,
				"visible_bounds_offset": [0, 1.25, 0]
			},
			"bones": [
				{
					"name": "bone",
					"pivot": [0, 19, 0]
				},
				{
					"name": "head",
					"parent": "bone",
					"pivot": [0, 20, 0],
					"cubes": [
						{"origin": [-4, 24, -4], "size": [8, 8, 8], "uv": [0, 0]},
						{"origin": [-4, 12, -2], "size": [8, 12, 4], "uv": [16, 16]}
					]
				},
				{
					"name": "bone2",
					"parent": "head",
					"pivot": [4, 22, 0],
					"cubes": [
						{"origin": [4, 12, -2], "size": [4, 12, 4], "uv": [39, 16]}
					]
				},
				{
					"name": "bone3",
					"parent": "head",
					"pivot": [-4, 23, 0],
					"cubes": [
						{"origin": [-8, 12, -2], "size": [4, 12, 4], "uv": [38, 16]}
					]
				},
				{
					"name": "bone4",
					"parent": "head",
					"pivot": [-2, 12, 0],
					"cubes": [
						{"origin": [-4, 0, -2], "size": [4, 12, 4], "uv": [0, 16]}
					]
				},
				{
					"name": "bone5",
					"parent": "head",
					"pivot": [2, 12, 0],
					"cubes": [
						{"origin": [0, 0, -2], "size": [4, 12, 4], "uv": [0, 16]}
					]
				}
			]
		},
		{
			"description": {
				"identifier": "geometry.valk2",
				"texture_width": 64,
				"texture_height": 32,
				"visible_bounds_width": 3,
				"visible_bounds_height": 3.5,
				"visible_bounds_offset": [0, 1.25, 0]
			},
			"bones": [
				{
					"name": "bone",
					"pivot": [0, 19, 0]
				},
				{
					"name": "head",
					"parent": "bone",
					"pivot": [0, 20, 0],
					"cubes": [
						{"origin": [-4, 24, -4], "size": [8, 8, 8], "inflate": 0.2, "uv": [0, 0]},
						{"origin": [-4, 12, -2], "size": [8, 12, 4], "inflate": 0.2, "uv": [16, 16]}
					]
				},
				{
					"name": "bone2",
					"parent": "head",
					"pivot": [4, 22, 0],
					"cubes": [
						{"origin": [4, 12, -2], "size": [4, 12, 4], "inflate": 0.2, "uv": [39, 16]}
					]
				},
				{
					"name": "bone3",
					"parent": "head",
					"pivot": [-4, 23, 0],
					"cubes": [
						{"origin": [-8, 12, -2], "size": [4, 12, 4], "inflate": 0.2, "uv": [38, 16]}
					]
				},
				{
					"name": "bone4",
					"parent": "head",
					"pivot": [-2, 12, 0],
					"cubes": [
						{"origin": [-4, 0, -2], "size": [4, 12, 4], "inflate": 0.2, "uv": [0, 16]}
					]
				},
				{
					"name": "bone5",
					"parent": "head",
					"pivot": [2, 12, 0],
					"cubes": [
						{"origin": [0, 0, -2], "size": [4, 12, 4], "inflate": 0.2, "uv": [0, 16]}
					]
				}
			]
		}
	]
}