{
  "format_version": "1.16.0",
  "minecraft:entity": {

    "description": {
      "identifier": "57:key_ball",
      "is_spawnable": false,
      "is_summonable": true,
      "is_experimental": false,
      "scripts": {
          "animate": [
              "spawn"
          ]
      },
      "animations": {
        "spawn": "controller.animation.keyer"
      }
    },

    "component_groups": {
      "die":{
      "minecraft:instant_despawn": {
      }
    }
    },

    "components": {
      "minecraft:is_hidden_when_invisible": {
      },
      "minecraft:type_family": {
        "family": [ "keyer", "undead", "monster", "mob" ]
      },
      "minecraft:nameable": {
      },
      "minecraft:health": {
        "value": 1,
        "max": 1
      },
      "minecraft:on_death": {
        "event": "die",
        "target": "self"
      },
      "minecraft:hurt_on_condition": {
        "damage_conditions": [
          {
            "filters": { "test": "in_lava", "subject": "self", "operator": "==", "value": true },
            "cause": "lava",
            "damage_per_tick": 0
          }
        ]
      },
      "minecraft:physics": {
        "has_gravity": false
      },
      "minecraft:pushable": {
        "is_pushable": true,
        "is_pushable_by_piston": true
      },
      "minecraft:conditional_bandwidth_optimization": {
      },
      "minecraft:attack": {
        "damage": 10,
        "effect_name": "nausea",
        "effect_duration": 10
      },
      "minecraft:breathable": {
        "total_supply": 15,
        "suffocate_time": 0,
        "breathes_air": true,
        "breathes_water": true
      },
      "minecraft:collision_box": {
        "width": 0.3,
        "height": 0.3
      },
      "minecraft:movement": {
        "value": 16
      },
      "minecraft:movement.glide": {
        "start_speed": 0.1,
        "speed_when_turning": 0.2
      },
      "minecraft:follow_range": {
        "value": 64,
        "max": 64
      },
      "minecraft:behavior.nearest_attackable_target": {
        "priority": 1,
        "reselect_targets": true,
        "scan_interval": 20,
        "within_radius": 64.0,
        "must_see_forget_duration": 0.5,
        "target_search_height": 80.0,

        "entity_types": [
          {
            "filters": { "test": "is_family", "subject": "other", "operator": "!=", "value": "keyer" },
            "max_dist": 64
          }
        ]
      },
      "minecraft:behavior.swoop_attack": {
        "priority": 2,
        "damage_reach": 0.2,
        "speed_multiplier": 1.0,
        "delay_range": [ 10.0, 20.0 ]
      },
      "minecraft:behavior.circle_around_anchor": {
        "priority": 3,
        "radius_change": 1.0,
        "radius_adjustment_chance": 0.004,
        "height_adjustment_chance": 0.002857,
        "goal_radius": 1.0,
        "angle_change": 15.0,
        "radius_range": [ 5.0, 15.0 ],
        "height_offset_range": [ -4.0, 5.0 ],
        "height_above_target_range": [ 20.0, 40.0 ]
      }
    },
    "events": {
        "die": {
            "add": {
                "component_groups": [
                    "die"
                ]
            }
        }
    }
  }
}