{
  "format_version": "1.16.0",
  "minecraft:entity": {
    "description": {
      "identifier": "57:key_master",
      "is_spawnable": true,
      "is_summonable": true,
      "is_experimental": false
    },
    "component_groups": {
      "random":{
      "minecraft:timer": {
        "looping": false,
        "time": 14,
        "time_down_event": {
          "event": "random_do"
        }
      }
    },
    "random_do":{
      "minecraft:spawn_entity": {
        "entities": {
          "filters": {
            "test": "has_target"
          },
          "min_wait_time": 0.1,
          "max_wait_time": 0.1,
          "spawn_sound": "plop",
          "single_use": true,
          "spawn_entity": "57:key_ball"
        }
      },
      "minecraft:movement": {
        "value": 0.0
      },
      "minecraft:timer": {
        "looping": false,
        "time": 0.3,
        "time_down_event": {
          "event": "random"
        }
      }
    },
      "minecraft:hostile": {
        "minecraft:movement": {
          "value": 0.34
        },
        "minecraft:behavior.melee_attack": {
          "priority": 4
        },
        "minecraft:behavior.random_stroll": {
          "priority": 6
        },
        "minecraft:behavior.look_at_player": {
          "priority": 7,
          "look_distance": 6,
          "angle_of_view_horizontal": 45,
          "probability": 1
        },
        "minecraft:behavior.look_at_entity": {
          "priority": 10,
          "look_distance": 8,
          "angle_of_view_horizontal": 45,
          "filters": {
            "test": "is_family",
            "subject": "other",
            "value": "mob"
          }
        },
        "minecraft:behavior.hurt_by_target": {
          "priority": 2,
          "entity_types": {
            "filters": {
              "test": "is_family",
              "subject": "other",
              "operator": "!=",
              "value": "illager"
            },
            "max_dist": 64
          }
        },
        "minecraft:behavior.nearest_attackable_target": {
          "priority": 3,
          "must_see": true,
          "within_radius": 16.0,
          "entity_types": [
            {
              "filters": {
                "any_of": [
                  {
                    "subject": "other",
                    "test": "is_family",
                    "value": "player"
                  },
                  {
                    "subject": "other",
                    "test": "is_family",
                    "value": "irongolem"
                  }
                ]
              },
              "max_dist": 16
            },
            {
              "filters": {
                "all_of": [
                  {
                    "test": "is_family",
                    "subject": "other",
                    "value": "villager"
                  },
                  {
                    "test": "has_component",
                    "subject": "other",
                    "operator": "!=",
                    "value": "minecraft:is_baby"
                  }
                ]
              },
              "max_dist": 16
            }
          ]
        },
        "minecraft:behavior.mount_pathing": {
          "priority": 5,
          "target_dist": 0.0,
          "track_target": true
        }
      },
      "stunned": {
        "minecraft:is_stunned": {
        },
        "minecraft:timer": {
          "looping": false,
          "time": 2,
          "time_down_event": {
            "event": "minecraft:start_roar"
          }
        }
      },
      "roaring": {
        "minecraft:behavior.knockback_roar": {
          "priority": 1,
          "duration": 1,
          "attack_time": 0.5,
          "knockback_damage": 14,
          "knockback_strength": 3,
          "knockback_range": 4,
          "knockback_filters": {
            "test": "is_family",
            "subject": "other",
            "operator": "!=",
            "value": "monster"
          },
          "damage_filters": {
            "test": "is_family",
            "subject": "other",
            "operator": "!=",
            "value": "monster"
          },
          "on_roar_end": {
            "event": "minecraft:end_roar"
          },
          "cooldown_time": 0.1
        }
      }
    },
    "components": {
      "minecraft:damage_sensor": {
        "triggers": [{
                "on_damage": {
                    "filters": {
                        "test": "is_family",
                        "subject": "other",
                        "value": "lightning"
                    }
                },
                "deals_damage": false
            }, {
                "cause": "fire_tick",
                "deals_damage": false
            },
            {
                "cause": "block_explosion",
                "deals_damage": false
            },
            {
                "cause": "fire",
                "deals_damage": false
            }, 
            {
              "cause": "fall",
              "deals_damage": false
          }, 
            {
              "on_damage": {
                "filters": {
                  "all_of": [
                    {
                      "test": "has_damage",
                      "subject": "self",
                      "operator": "=="
                    }
                  ]
                },
                "event": "hurt_anim"
              }
            }
        ]
    },
      "minecraft:behavior.float": {
        "priority": 0
      },
      "minecraft:ravager_blocked": {
        "knockback_strength": 7.0,
        "reaction_choices": [
          {
            "weight": 1,
            "value": {
              "event": "minecraft:become_stunned",
              "target": "self"
            }
          },
          {
            "weight": 1
          }
        ]
      },
      "minecraft:attack": {
        "damage": 10
      },
      "minecraft:breathable": {
        "suffocate_time": 0,
        "total_supply": 15
      },
      "minecraft:collision_box": {
        "width": 0.7,
        "height": 1.8
    },
    "minecraft:scale": {
      "value": 1.5
  },
      "minecraft:health": {
        "max": 250,
        "value": 250
      },
      "minecraft:hurt_on_condition": {
        "damage_conditions": [
          {
            "filters": { "test": "in_lava", "subject": "self", "operator": "==", "value": true },
            "cause": "lava",
            "damage_per_tick": 0
          }
        ]
      },
      "minecraft:boss": {
        "name": "Key Master",
        "should_darken_sky": false,
        "hud_range": 15
    },
    "minecraft:experience_reward": {
      "on_death": "query.last_hit_by_player ? 2 + (query.equipment_count * Math.Random(0,1)) : 0"
    },
    "minecraft:equipment": {
      "table": "loot_tables/entities/key_master_gear.json"
    },
      "minecraft:jump.static": {},
      "minecraft:loot": {
        "table": "loot_tables/entities/key_master.json"
      },
      "minecraft:knockback_resistance": {
        "value": 0.5
      },
      "minecraft:movement": {
        "value": 0.0
      },
      "minecraft:movement.basic": {},
      "minecraft:nameable": {},
      "minecraft:navigation.walk": {
        "avoid_damage_blocks": true,
        "can_path_over_water": true,
        "can_sink": false
      },
      "minecraft:physics": {
      },
      "minecraft:pushable": {
        "is_pushable": true,
        "is_pushable_by_piston": true
      },
      "minecraft:conditional_bandwidth_optimization": {
      },
      "minecraft:break_blocks": {
        "breakable_blocks": [
          "bamboo",
          "bamboo_sapling",
          "beetroot",
          "brown_mushroom",
          "carrots",
          "carved_pumpkin",
          "chorus_flower",
          "chorus_plant",
          "deadbush",
          "double_plant",
          "leaves",
          "leaves2",
          "lit_pumpkin",
          "melon_block",
          "melon_stem",
          "potatoes",
          "pumpkin",
          "pumpkin_stem",
          "red_flower",
          "red_mushroom",
          "crimson_fungus",
          "warped_fungus",
          "reeds",
          "sapling",
          "snow_layer",
          "sweet_berry_bush",
          "tallgrass",
          "turtle_egg",
          "vine",
          "waterlily",
          "wheat",
          "yellow_flower"
        ]
      },
      "minecraft:follow_range": {
        "value": 64
      },
      "minecraft:rideable": {
        "seat_count": 1,
        "family_types": [
          "pillager",
          "vindicator",
          "evocation_illager"
        ],
        "seats": {
          "position": [ 0.0, 2.1, -0.3 ]
        }
      },
      "minecraft:type_family": {
        "family": [
          "monster",
          "illager",
          "ravager", 
          "mob",
          "keyer"
        ]
      }
    },
    "events": {
      "minecraft:entity_spawned": {
        "add": {
          "component_groups": [
            "minecraft:hostile",
            "random"
          ]
        }
      },
      "minecraft:become_stunned": {
        "add": {
          "component_groups": [
            "stunned"
          ]
        },
        "remove": {
          "component_groups": [
            "minecraft:hostile"
          ]
        }
      },
      "hurt_anim": {
        "run_command": {
          "command": [
            "playanimation @s animation.md_boss.reg_hurt"
          ]
        }
    },
      "random_do": {
        "add": {
          "component_groups": [
            "random_do"
          ]
        },
        "remove": {
          "component_groups": [
            "minecraft:hostile",
            "random"
          ]
        }
      },
      "random": {
        "add": {
          "component_groups": [
            "minecraft:hostile",
            "random"
          ]
        },
        "remove": {
          "component_groups": [
            
            "random_do"
          ]
        }
      },
      "minecraft:start_roar": {
        "add": {
          "component_groups": [
            "roaring"
          ]
        },
        "remove": {
          "component_groups": [
            "stunned",
            "random",
            "random_do"
          ]
        }
      },
      "minecraft:end_roar": {
        "add": {
          "component_groups": [
            "minecraft:hostile",
            "random"
          ]
        },
        "remove": {
          "component_groups": [
            "roaring"
          ]
        }
      }
    }
  }
}