{
  "format_version": "1.8.0",
  "minecraft:entity": {
      "description": {
          "identifier": "57:temple3",
          "is_spawnable": false,
          "is_summonable": true,
          "is_experimental": false,
          "scripts": {
              "animate": [
                  "spawn",
                  "spawn2"
              ]
          },
          "animations": {
            "spawn": "controller.animation.temple_islands",
            "spawn2": "controller.animation.temple_tp"
          }
      },
      "component_groups": {
          "death": {
              "minecraft:health": {
                  "value": 0,
                  "max": 0
              },
              "minecraft:variant": {
                  "value": 1000
              }
          },
          "death3": {
            "minecraft:health": {
                "value": 0,
                "max": 0
            }
        },
        "sky": {
            "minecraft:fire_immune": true,
            "minecraft:timer": {
                "time": 0.2,
                "looping": false,
                "time_down_event": {
                    "event": "minecraft:death"
                }
            }
        },
        "sky_not": {
            "minecraft:timer": {
                "time": 0.2,
                "looping": false,
                "time_down_event": {
                    "event": "death3"
                }
            }
        },
          "death2": {
              "minecraft:variant": {
                  "value": 1001
              }
          }
      },
      "components": {
        "minecraft:environment_sensor": [

        {
              "on_environment": {
                "filters": {
                  "all_of": [
                    { "test": "is_biome", "subject": "self", "operator": "=", "value": "the_end"}
                  ]
                },
                "event": "sky"
              }
            },
            {
              "on_environment": {
                "filters": {
                  "all_of": [
                    { "test": "is_biome", "subject": "self", "operator": "!=", "value": "the_end"}
                  ]
                },
                "event": "death3"
              }
            }
            ],
          "minecraft:nameable": {},
          "minecraft:type_family": {
              "family": ["summon"]
          },
          "minecraft:collision_box": {
              "width": 1.6,
              "height": 18
          },
          "minecraft:health": {
              "value": 2000,
              "max": 2000
          },
          "minecraft:damage_sensor": {
              "deals_damage": false
          },
          "minecraft:physics": {}
      },
      "events": {
          "minecraft:death": {
              "add": {
                  "component_groups": [
                      "death"
                  ]
              }
          },
          "break": {
              "add": {
                  "component_groups": [
                      "break"
                  ]
              }
          },
          "death2": {
              "add": {
                  "component_groups": [
                      "death2"
                  ]
              }
          },
          "death3": {
            "add": {
                "component_groups": [
                    "death3"
                ]
            }
        },
          "sky": {
            "add": {
                "component_groups": [
                    "sky"
                ]
            }
        },
        "sky_not": {
            "add": {
                "component_groups": [
                    "sky_not"
                ]
            }
        }
      }
  }
}