{
  "format_version": "1.12.0",
  "minecraft:entity": {
      "description": {
          "identifier": "57:temple_roar",
          "is_spawnable": false,
          "is_summonable": true,
          "is_experimental": false
      },
      "component_groups": {
          "exp": {
            "minecraft:health": {
                "value": 0,
                "max": 0
            }
          }
      },
      "components": {
          "minecraft:collision_box": {
              "width": 0.1,
              "height": 0.1
          },
          "minecraft:behavior.knockback_roar": {
              "priority": 1,
              "duration": 2,
              "attack_time": 0.1,
              "cooldown_time": 0,
              "knockback_damage": 40,
              "knockback_strength": 6,
              "knockback_range": 8,
              "knockback_filters": {
                  "test": "is_family",
                  "subject": "other",
                  "operator": "!=",
                  "value": "monster"
              },
              "damage_filters": {
                  "test": "is_family",
                  "subject": "other",
                  "operator": "!=",
                  "value": "monster"
              },
              "on_roar_end": {
                  "event": "exp"
              }
          },
          "minecraft:health": {
              "value": 1,
              "min": 1,
              "max": 1
          },
          "minecraft:type_family": {
              "family": ["inanimate"]
          },
          "minecraft:physics": {
              "has_gravity": false,
              "has_collision": true
          },
          "minecraft:damage_sensor": [{
              "cause": "all",
              "deals_damage": false
          }]
      },
      "events": {
          "exp": {
              "add": {
                  "component_groups": [
                      "exp"
                  ]
              }
          }
      }
  }
}