{
  "format_version": "1.8.0",
  "minecraft:entity": {
    "description": {
      "identifier": "57:temple_death",
      "is_spawnable": false,
      "is_summonable": true,
      "is_experimental": false,
      "scripts": {
        "animate": [
            "spawn"
        ]
    },
    "animations": {
      "spawn": "controller.animation.temple_clear"
    }
    },
    "component_groups": {
      "death": {
        "minecraft:variant": {
          "value": 999
        },
        "minecraft:is_charged": {
        },
        "minecraft:health": {
          "value": 0,
          "max": 0
        }
      }
    },
    "components": {
      "minecraft:nameable": {
      },
      "minecraft:type_family": {
        "family": [ "summon" ]
      },
      "minecraft:collision_box": {
        "width": 0.7,
        "height": 1.8
    },
      "minecraft:health": {
        "value": 2000,
        "max": 2000,
        "min": 2000
      },
      "minecraft:fire_immune": true,
      "minecraft:damage_sensor": {
        "deals_damage": false
      },
      "minecraft:scale_by_age": {
        "start_scale": 1.2,
        "end_scale": 0.0
      },
      "minecraft:ageable": {
        "duration": 10,
        "grow_up": {
          "event": "minecraft:death",
          "target": "self"
        }
      },
      "minecraft:physics": {
      },
      "minecraft:pushable": {
        "is_pushable": false,
        "is_pushable_by_piston": false
    }
    },
    "events": {
      "minecraft:death": {
        "add": {
          "component_groups": [
            "death"
          ]
        }
      }
    }
  }
}