{
  "format_version": "1.13.0",
  "minecraft:entity": {
      "description": {
          "identifier": "57:temple_boss2",
          "is_spawnable": true,
          "is_summonable": true,
          "is_experimental": false,
          "scripts": {
            "animate": [
                "spawn",
                "spawn2",
                "spawn3"
            ]
        },
        "animations": {
          "spawn": "controller.animation.temple_armor",
          "spawn2": "controller.animation.temple_roar2",
          "spawn3": "controller.animation.temple_roar3"
        }
      },
      "component_groups": {
        "roar":{
            "minecraft:timer": {
                "time": 15,
                "looping": true,
                    "time_down_event": {
                "event": "roar_start"
               }},
               "minecraft:is_stunned": {
            }
        },
          "roar_start":{
            "minecraft:timer": {
                "time": 15,
                "looping": true,
                    "time_down_event": {
                "event": "roar"
               }},
               "minecraft:is_saddled": {
            }
        },
          "dead": {
              "minecraft:scale": {
                  "value": 0
              },
              "minecraft:transformation": {
                  "into": "57:temple_death2"
              },
              "minecraft:variant": {
                  "value": 999
              },
              "minecraft:health": {
                  "value": 0,
                  "max": 0
              }
          },
          "armor": {

            "minecraft:is_charged": {
            }
        },
          "fire": {

              "minecraft:variant": {
                  "value": 1
              }
          },
          "defire": {

              "minecraft:variant": {
                  "value": 0
              }
          }

      },
      "components": {
          "minecraft:knockback_resistance": {
              "value": 500
          },
          "minecraft:damage_sensor": {
              "triggers": [{
                      "on_damage": {
                          "filters": {
                              "test": "is_family",
                              "subject": "other",
                              "value": "lightning"
                          }
                      },
                      "deals_damage": false
                  }, 
                  {
                    "on_damage": {
                      "filters": {
                        "all_of": [
                          {
                            "test": "has_damage",
                            "subject": "self",
                            "operator": "=="
                          }
                        ]
                      },
                      "event": "hurt_anim"
                    }
                  },{
                      "cause": "fire_tick",
                      "deals_damage": false
                  },
                  {
                      "cause": "block_explosion",
                      "deals_damage": false
                  },
                  {
                      "cause": "fire",
                      "deals_damage": false
                  },
                  {
                      "on_damage": {
                          "filters": {
                              "all_of": [{
                                  "test": "is_family",
                                  "subject": "other",
                                  "value": "ghast"
                              }]
                          }
                      },
                      "deals_damage": false
                  }
              ]
          },
          "minecraft:boss": {
              "name": "Temple's Death Worm",
              "should_darken_sky": false,
              "hud_range": 55
          },
          "minecraft:behavior.ranged_attack": {
            "priority": 1,
            "burst_shots": 1,
            "burst_interval": 0.01,
            "charge_charged_trigger": 0.0,
            "charge_shoot_trigger": 0.5,
            "attack_interval_min": 0.01,
            "attack_interval_max": 0.02,
            "attack_radius": 64.0
          },
          "minecraft:breathable": {
              "total_supply": 15,
              "suffocate_time": 0
          },
          "minecraft:fire_immune": true,
          "minecraft:nameable": {},
          "minecraft:health": {
              "value": 600,
              "max": 600
          },
          "minecraft:on_death": {
            "event": "dead",
            "target": "self"
          },
          "minecraft:collision_box": {
            "width": 4,
            "height": 9
        },
          "minecraft:movement": {
              "value": 0.0
          },
          "minecraft:navigation.walk": {
            "is_amphibious": true,
            "can_pass_doors": true,
            "can_walk": true,
            "can_break_doors": true
          },
          "minecraft:shooter": {
            "def": "57:temple_spit"
          },
          "minecraft:type_family": {
              "family": ["ghast", "monster", "mob","temple"]
          },
          "minecraft:timer": {
            "time": 1,
            "looping": false,
                "time_down_event": {
            "event": "roar_start"
           }},
          "minecraft:jump.static": {},
          "minecraft:follow_range": {
              "value": 99,
              "max": 99
          },
          "minecraft:behavior.random_stroll": {
            "priority": 7,
            "speed_multiplier": 1
          },
          "minecraft:behavior.hurt_by_target": {
              "priority": 1
          },
          "minecraft:behavior.nearest_attackable_target": {
              "priority": 3,
              "entity_types": [{
                  "filters": {
                      "all_of": [{
                          "test": "is_family",
                          "subject": "other",
                          "value": "player"
                      }]
                  },
                  "max_dist": 99
              }],
              "must_see": true
          },
          "minecraft:physics": {},
          "minecraft:pushable": {
              "is_pushable": false,
              "is_pushable_by_piston": true
          }
      },
      "events": {
          "fire": {
              "remove": {
                  "component_groups": [
                      "defire"
                  ]
              },
              "add": {
                  "component_groups": [
                      "fire"
                  ]
              }
          },
          "armor": {
            "add": {
                "component_groups": [
                    "armor"
                ]
            }
        },
        "roar_start": {
            "remove": {
                "component_groups": [
                    "roar"
                ]
            },
            "add": {
                "component_groups": [
                    "roar_start"
                ]
            }
        },
        "roar": {
            "remove": {
                "component_groups": [
                    "roar_start"
                ]
            },
            "add": {
                "component_groups": [
                    "roar"
                ]
            }
        },
          "defire": {
              "remove": {
                  "component_groups": [
                      "fire"
                  ]
              },
              "add": {
                  "component_groups": [
                      "defire"
                  ]
              }
          },
          "hurt_anim": {
            "run_command": {
              "command": [
                "playanimation @s animation.temple_boss2.hurt"
              ]
            }
        },
          "dead": {
              "remove": {
                  "component_groups": [
                      "fire", "defire"
                  ]
              },
              "add": {
                  "component_groups": [
                      "dead"
                  ]
              }
          }
      }

  }
}