{
  "format_version": "1.8.0",
  "minecraft:entity": {
    "description": {
      "identifier": "57:temple_death2",
      "is_spawnable": false,
      "is_summonable": true,
      "is_experimental": false
    },
    "component_groups": {
      "death": {
        "minecraft:scale": {
          "value": 0
      },
        "minecraft:variant": {
          "value": 999
        },
        "minecraft:loot": {
          "table": "loot_tables/entities/temple_boss.json"
        },
        "minecraft:health": {
          "value": 0,
          "max": 0
        }
      }
    },
    "components": {
      "minecraft:nameable": {
      },
      "minecraft:type_family": {
        "family": [ "summon" ]
      },
      "minecraft:collision_box": {
        "width": 4,
        "height": 9
    },
      "minecraft:health": {
        "value": 2000,
        "max": 2000,
        "min": 2000
      },
      "minecraft:fire_immune": true,
      "minecraft:damage_sensor": {
        "deals_damage": false
      },
      "minecraft:ageable": {
        "duration": 3,
        "grow_up": {
          "event": "minecraft:death",
          "target": "self"
        }
      },
      "minecraft:physics": {
      },
      "minecraft:pushable": {
        "is_pushable": false,
        "is_pushable_by_piston": false
    }
    },
    "events": {
      "minecraft:death": {
        "add": {
          "component_groups": [
            "death"
          ]
        }
      }
    }
  }
}