{
	"format_version": "1.16.200",
	"minecraft:block": {
		"description": {
			"identifier": "57:multi_juke_box_change"
		},
		"components": {
			"minecraft:destroy_time": 0.8,
			"minecraft:on_interact": {
				"target": "self",
				"event": "juke_stop"
			},
			"minecraft:on_player_destroyed": {
				"event": "juke_break",
				"target": "self"
			},
			"minecraft:loot": "loot_tables/blocks/multi_juke_box.json"
		},
		"events": {
			"juke_stop": {
				"run_command": {
					"target": "self",
					"command": [
						"stopsound @a[r=80]"
					]
				},
				"spawn_loot": {
					"table": "loot_tables/blocks/multi_juke_box_change.json"
				},
				"set_block": {
					"block_type": "57:multi_juke_box"
				}
			},
			"juke_break": {
				"run_command": {
					"target": "self",
					"command": [
						"stopsound @a[r=80]"
					]
				},
				"spawn_loot": {
					"table": "loot_tables/blocks/multi_juke_box_change.json"
				}
			}
		}
	}
}