{
    "format_version": "1.16.100",
    "minecraft:block": {
     "description": {
        "identifier": "57:sky_exit_portal",
        "properties": {
            "57:block_direction": [0,1,2,3]
        }
      },
      "components": {
          "minecraft:entity_collision": false,
          "tag:demonsion": {},
          "minecraft:material_instances": {
              "*": {
                  "texture": "sky_exit_portal",
                  "render_method": "blend"
              }
          },
    "minecraft:block_light_absorption": 0,
      "minecraft:loot": "loot_tables/empty.json",
      "minecraft:explosion_resistance": 100,
      "minecraft:destroy_time": 1000000000000000,
      "minecraft:block_light_emission": 1
      },
      "events": {
          "tper2": {
              "play_sound": {
                  "sound": "portal.portal"
              }
            },
          "tper": {
              "run_command": {
                  "command": [
                      "particle 57:underworld_portal ~~~"
                  ]
              }
            },
          "facing_direction": {
              "set_block_property": {
                   "57:block_direction": "(query.cardinal_facing_2d - 2)"
           }
       }
  },
  "permutations": [
          {
              "condition": "query.block_property('57:block_direction') == 0",
   "components": {
   "minecraft:rotation": [ 0, 180, 0 ]
              }
              },
              {
              "condition": "query.block_property('57:block_direction') == 1",
   "components": {
   "minecraft:rotation": [ 0, 0, 0 ]
              }
              },
              {
              "condition": "query.block_property('57:block_direction') == 2",
   "components": {
   "minecraft:rotation": [ 0, 270, 0 ]
              }
              },
              {
              "condition": "query.block_property('57:block_direction') == 3",
  "components": {
  "minecraft:rotation": [ 0, 90, 0 ]
              }
          }
      ]
     }
    }
  