{
	"format_version": "1.16.100",
	"minecraft:item": {
		"description": {
			"identifier": "57:cave_staff",
			"category": "equipment"
		},
		"components": {
			"minecraft:max_stack_size": 1,
			"minecraft:hand_equipped": true,
			"minecraft:durability": {
				"max_damage": 3621
			},
			"minecraft:mining_speed": 2,
			"minecraft:enchantable": {
				"value": 25,
				"slot": "axe"
			},
			"tag:minecraft:is_axe": {},
			"minecraft:icon": {
				"texture": "cave_staff"
			},
			"minecraft:display_name": {
				"value": "Cavern Staff"
			},
			"minecraft:cooldown": {
				"category": "cave_scepter",
				"duration": 7
			  },
			"minecraft:weapon": {},
			"minecraft:creative_category": {
				"parent": "itemGroup.name.axe"
			},
			"minecraft:digger": {
				"use_efficiency": true,
				"destroy_speeds": [
					{
						"block": {
							"tags": "q.any_tag('wood', 'pumpkin', 'plant')"
						},
						"speed": 42
					},
					{
						"block": "minecraft:chest",
						"speed": 42
					},
					{
						"block": "minecraft:bookshelf",
						"speed": 20
					},
					{
						"block": "minecraft:melon_block",
						"speed": 42
					},
					{
						"block": "minecraft:warped_stem",
						"speed": 42
					},
					{
						"block": "minecraft:crimson_stem",
						"speed": 42
					},
					{
						"block": "minecraft:warped_stem",
						"speed": 32
					},
					{
						"block": "minecraft:crimson_stem",
						"speed": 32
					},
					{
						"block": "minecraft:crafting_table",
						"speed": 32
					},
					{
						"block": "minecraft:crimson_planks",
						"speed": 32
					},
					{
						"block": "minecraft:warped_planks",
						"speed": 32
					},
					{
						"block": "minecraft:warped_stairs",
						"speed": 32
					},
					{
						"block": "minecraft:warped_trapdoor",
						"speed": 32
					},
					{
						"block": "minecraft:crimson_stairs",
						"speed": 32
					},
					{
						"block": "minecraft:crimson_trapdoor",
						"speed": 32
					},
					{
						"block": "minecraft:crimson_door",
						"speed": 32
					},
					{
						"block": "minecraft:crimson_double_slab",
						"speed": 32
					},
					{
						"block": "minecraft:warped_door",
						"speed": 32
					},
					{
						"block": "minecraft:warped_double_slab",
						"speed": 32
					},
					{
						"block": "minecraft:crafting_table",
						"speed": 42
					}
				]
			},
			"minecraft:on_use": {
				"on_use": {
					"event": "fulger"
				}
			}
		},
		"events": {
			"fulger": {
				"swing": {},
				"shoot": {
					"projectile": "57:cave_web",
					"launch_power": 1,
					"angle_offset": 0.5
				   },
				"run_command": {
					"command": [
						"execute @e[rm=2,r=10] ~ ~ ~ effect @s slowness 5 10",
						"execute @e[rm=2,r=10] ~ ~ ~ effect @s poison 5 1"
					]
				}
			}
		}
	}
}