{
	"format_version": "1.16.100",
	"minecraft:item": {
		"description": {
			"identifier": "57:key_master_scythe",
			"category": "equipment"
		},
		"components": {
			"minecraft:render_offsets": {
				"main_hand": {
				  "third_person": {
                    "position": [0.7,2.2,-1.2]
				  },
				  "first_person": {
					"scale": [
					  0.0205,
					  0.0205,
					  0.0205
					]
				  }
				}
			  },
			  "minecraft:damage": 6,
			"minecraft:max_stack_size": 1,
			"minecraft:hand_equipped": true,
			"minecraft:durability": {
				"max_durability": 1000,
                "damage_chance": {
                    "min": 90,
                    "max": 100
                }
			},
			"minecraft:mining_speed": 2,
			"minecraft:enchantable": {
				"value": 25,
				"slot": "axe"
			},
			"tag:minecraft:is_axe": {},
			"minecraft:icon": {
				"texture": "key_master_scythe"
			},
			"minecraft:display_name": {
				"value": "Key Master Scythe"
			},
            "minecraft:weapon": {
                "on_hurt_entity": {
                    "event": "fulger",
                    "target": "self"
                },
                "on_hit_block": {
                    "event": "fulger",
                    "target": "self"
                }
            },
			"minecraft:creative_category": {
				"parent": "itemGroup.name.axe"
			},
			"minecraft:digger": {
				"use_efficiency": true,
				"destroy_speeds": [
					{
						"block": {
							"tags": "q.any_tag('wood', 'pumpkin', 'plant')"
						},
						"speed": 42
					},
					{
						"block": "minecraft:chest",
						"speed": 42
					},
					{
						"block": "minecraft:bookshelf",
						"speed": 20
					},
					{
						"block": "minecraft:melon_block",
						"speed": 42
					},
					{
						"block": "minecraft:warped_stem",
						"speed": 42
					},
					{
						"block": "minecraft:crimson_stem",
						"speed": 42
					},
					{
						"block": "minecraft:warped_stem",
						"speed": 32
					},
					{
						"block": "minecraft:crimson_stem",
						"speed": 32
					},
					{
						"block": "minecraft:crafting_table",
						"speed": 32
					},
					{
						"block": "minecraft:crimson_planks",
						"speed": 32
					},
					{
						"block": "minecraft:warped_planks",
						"speed": 32
					},
					{
						"block": "minecraft:warped_stairs",
						"speed": 32
					},
					{
						"block": "minecraft:warped_trapdoor",
						"speed": 32
					},
					{
						"block": "minecraft:crimson_stairs",
						"speed": 32
					},
					{
						"block": "minecraft:crimson_trapdoor",
						"speed": 32
					},
					{
						"block": "minecraft:crimson_door",
						"speed": 32
					},
					{
						"block": "minecraft:crimson_double_slab",
						"speed": 32
					},
					{
						"block": "minecraft:warped_door",
						"speed": 32
					},
					{
						"block": "minecraft:warped_double_slab",
						"speed": 32
					},
					{
						"block": "minecraft:crafting_table",
						"speed": 42
					}
				]
			}
		},
		"events": {
			"fulger": {
                "damage": {
                    "type": "durability",
                    "amount": 1
                }
			}
		}
	}
}