{
    "format_version": "1.16.100",
    "minecraft:item": {
        "description": {
            "identifier": "57:multidimensional_hoe",
            "category": "equipment"   
        },
        "components": {
            "minecraft:on_use": {
				"on_use": {
                    "event": "enchant"
				}
			},
            "minecraft:icon": {
                "texture": "multidimensional_hoe"
            },
            "minecraft:creative_category": {
                "parent": "itemGroup.name.hoe"
            },
            "minecraft:display_name": {
                "value": "Multidimensional Hoe"
            },
            "minecraft:max_stack_size": 1,
            "minecraft:hand_equipped": true,
            "minecraft:enchantable": {
                "value": 9,
                "slot": "hoe"
            },
            "minecraft:durability": {
                "max_durability": 201,
                "damage_chance": {
                    "min": 90,
                    "max": 100
                }
            },
            "minecraft:repairable": {
                "repair_items": [
                    {
                        "items": [
                            "57:multidimensional_hoe",
                            "57:multidimensional_rock"
                        ],
                        "repair_amount": 53
                    }
                ]
            },
            "minecraft:weapon": {
            },
            "minecraft:use_on": {
                "blocks": [
                    "grass",
                    "dirt",
                    "grass_path"
                ]
            },
            "minecraft:mining_speed": 1.5,
            "minecraft:damage": 2.5,
            "minecraft:can_destroy_in_creative": false,
            "minecraft:digger": {
                "use_efficiency": true,
                "destroy_speeds": [
                    {
                        "block": "minecraft:leaves",
                        "speed": 9
                        
                    },
                    {
                        "block": "minecraft:leaves2",
                        "speed": 9
                        
                    },
                    {
                        "block": "minecraft:nether_wart_block",
                        "speed": 9
                        
                    },
                    {
                        "block": "minecraft:warped_wart_block",
                        "speed": 9
                        
                    },
                    {
                        "block": "minecraft:shroomlight",
                        "speed": 9
                        
                    },
                    {
                        "block": "minecraft:sponge",
                        "speed": 9
                        
                    },
                    {
                        "block": "minecraft:target",
                        "speed": 9
                        
                    },
                    {
                        "block": "minecraft:hay_block",
                        "speed": 9
                        
                    }
                ]
            }
        },
        "events": {
            "has_now_tag":{
                "tag:enchantedeth": {}
            },
            "enchant": {
                "randomize": [
                    {
                        "condition": "!query.equipped_item_any_tag('enchantedeth')",
                    "weight": 10,
                    "run_command": {
                        "command": [
                            "enchant @s unbreaking 2"
                        ]
                    },
"event": "has_now_tag"
                },
                {
                    "condition": "!query.equipped_item_any_tag('enchantedeth')",
                    "weight": 10,
                    "run_command": {
                        "command": [
                            "enchant @s unbreaking 1"
                        ]
                    },
"event": "has_now_tag"
                },
                {
                    "condition": "!query.equipped_item_any_tag('enchantedeth')",
                    "weight": 10,
                    "run_command": {
                        "command": [
                            "enchant @s mending 1"
                        ]
                    },
                    "event": "has_now_tag"
                }
            ]
        },
            "57:damage_event": {
                "damage": {
                    "type": "durability",
                    "amount": 1
                }
            }
        }
    }
}