{
    "format_version": "1.16.100",
    "minecraft:item": {
        "description": {
            "identifier": "57:multidimensional_sword",
            "category": "equipment"
        },
        "components": {
            "minecraft:on_use": {
				"on_use": {
                    "event": "enchant"
				}
			},
            "minecraft:icon": {
                "texture": "multidimensional_sword"
            },
            "minecraft:display_name": {
                "value": "Multidimensional Sword"
            },
            "minecraft:creative_category": {
                "parent": "itemGroup.name.sword"
            },
            "minecraft:hand_equipped": true,
            "minecraft:max_stack_size": 1,
            "minecraft:enchantable": {
                "value": 9,
                "slot": "sword"
            },
            "minecraft:durability": {
                "max_durability": 201,
                "damage_chance": {
                    "min": 90,
                    "max": 100
                }
            },
            "minecraft:repairable": {
                "repair_items": [
                    {
                        "items": [
                            "57:multidimensional_sword",
                            "57:multidimensional_rock"
                        ],
                        "repair_amount": 53
                    }
                ]
            },
            "minecraft:weapon": {
            },
            "minecraft:mining_speed": 1.5,
            "minecraft:damage": 6.5,
            "minecraft:can_destroy_in_creative": false,
            "minecraft:digger": {
                "use_efficiency": true,
                "destroy_speeds": [
                    {
                        "block": "minecraft:web",
                        "speed": 15
                        
                    },
                    {
                        "block": "minecraft:bamboo",
                        "speed": 10
                        
                    }
                ]
            }
        },
        "events": {
            "has_now_tag":{
                "tag:enchantedeth": {}
            },
            "enchant": {
                "randomize": [
                    {
                        "condition": "!query.equipped_item_any_tag('enchantedeth')",
                    "weight": 10,
                    "run_command": {
                        "command": [
                            "enchant @s sharpness 1"
                        ]
                    },
"event": "has_now_tag"
                },
                {
                    "condition": "!query.equipped_item_any_tag('enchantedeth')",
                "weight": 10,
                "run_command": {
                    "command": [
                        "enchant @s mending 1"
                    ]
                },
"event": "has_now_tag"
            },
                {
                    "condition": "!query.equipped_item_any_tag('enchantedeth')",
                    "weight": 10,
                    "run_command": {
                        "command": [
                            "enchant @s sharpness 2"
                        ]
                    },
"event": "has_now_tag"
                },
                {
                    "condition": "!query.equipped_item_any_tag('enchantedeth')",
                    "weight": 10,
                    "run_command": {
                        "command": [
                            "enchant @s fire_aspect 2"
                        ]
                    },
"event": "has_now_tag"
                },
                {
                    "condition": "!query.equipped_item_any_tag('enchantedeth')",
                    "weight": 10,
                    "run_command": {
                        "command": [
                            "enchant @s knockback 1"
                        ]
                    }
                }
            ]
        },
            "57:damage_event": {
                "damage": {
                    "type": "durability",
                    "amount": 1
                }
            }
        }
    }
}