{
    "format_version": "1.16.100",
    "minecraft:item": {
        "description": {
            "identifier": "57:multidimensional_pickaxe",
            "category": "equipment"   
        },
        "components": {
            "minecraft:on_use": {
				"on_use": {
                    "event": "enchant"
				}
			},
            "minecraft:icon": {
                "texture": "multidimensional_pickaxe"
            },
            "minecraft:creative_category": {
                "parent": "itemGroup.name.pickaxe"
            },
            "minecraft:display_name": {
             "value": "Multidimensional Pickaxe"
            },
            "minecraft:max_stack_size": 1,
            "minecraft:hand_equipped": true,
            "minecraft:enchantable": {
                "value": 9,
                "slot": "pickaxe"
            },
            "minecraft:durability": {
                "max_durability": 201,
                "damage_chance": {
                    "min": 90,
                    "max": 100
                }
            },
            "minecraft:repairable": {
                "repair_items": [
                    {
                        "items": [
                            "57:multidimensional_pickaxe",
                            "57:multidimensional_rock"
                        ],
                        "repair_amount": 53
                    }
                ]
            },
            "minecraft:weapon": {
            },
            "minecraft:mining_speed": 1.5,
            "minecraft:damage": 4.5,
            "minecraft:can_destroy_in_creative": false,
            "minecraft:digger": {
                "use_efficiency": true,
                "destroy_speeds": [
                    {
                        "block": "minecraft:lit_redstone_ore",
                        "speed": 9
                        
                    },
                    {
                        "block": "minecraft:activator_rail",
                        "speed": 9
                        
                    },
                    {
                        "block": "minecraft:ancient_debris",
                        "speed": 9
                        
                    },
                    {
                        "block": "minecraft:andesite_stairs",
                        "speed": 9
                        
                    },
                    {
                        "block": "minecraft:anvil",
                        "speed": 9
                        
                    },
                    {
                        "block": "minecraft:basalt",
                        "speed": 9
                        
                    },
                    {
                        "block": "minecraft:beacon",
                        "speed": 9
                        
                    },
                    {
                        "block": "minecraft:bell",
                        "speed": 9
                        
                    },
                    {
                        "block": "minecraft:black_glazed_terracotta",
                        "speed": 9
                        
                    },
                    {
                        "block": "minecraft:blackstone",
                        "speed": 9
                        
                    },
                    {
                        "block": "minecraft:blackstone_slab",
                        "speed": 9
                        
                    },
                    {
                        "block": "minecraft:blackstone_stairs",
                        "speed": 9
                        
                    },
                    {
                        "block": "minecraft:blackstone_wall",
                        "speed": 9
                        
                    },
                    {
                        "block": "minecraft:blast_furnace",
                        "speed": 9
                        
                    },
                    {
                        "block": "minecraft:blue_glazed_terracotta",
                        "speed": 9
                        
                    },
                    {
                        "block": "",
                        "speed": 9
                        
                    },
                    {
                        "block": "minecraft:bone_block",
                        "speed": 9
                        
                    },
                    {
                        "block": "minecraft:brick_block",
                        "speed": 9
                        
                    },
                    {
                        "block": "minecraft:brick_stairs",
                        "speed": 9
                        
                    },
                    {
                        "block": "minecraft:brown_glazed_terracotta",
                        "speed": 9
                        
                    },
                    {
                        "block": "minecraft:cauldron",
                        "speed": 9
                        
                    },
                    {
                        "block": "minecraft:chain",
                        "speed": 9
                        
                    },
                    {
                        "block": "minecraft:chiseled_nether_bricks",
                        "speed": 9
                        
                    },
                    {
                        "block": "minecraft:chiseled_polished_blackstone",
                        "speed": 9
                        
                    },
                    {
                        "block": "minecraft:chorus_flower",
                        "speed": 9
                        
                    },
                    {
                        "block": "minecraft:chorus_plant",
                        "speed": 9
                        
                    },
                    {
                        "block": "minecraft:coal_block",
                        "speed": 9
                        
                    },
                    {
                        "block": "minecraft:coal_ore",
                        "speed": 9
                        
                    },
                    {
                        "block": "minecraft:cobblestone",
                        "speed": 9
                        
                    },
                    {
                        "block": "minecraft:cobblestone_wall",
                        "speed": 9
                        
                    },
                    {
                        "block": "minecraft:comparator",
                        "speed": 9
                        
                    },
                    {
                        "block": "minecraft:concrete",
                        "speed": 9
                        
                    },
                    {
                        "block": "minecraft:concretepowder",
                        "speed": 9
                        
                    },
                    {
                        "block": "minecraft:coral_block",
                        "speed": 9
                        
                    },
                    {
                        "block": "minecraft:cracked_nether_bricks",
                        "speed": 9
                        
                    },
                    {
                        "block": "minecraft:cracked_polished_blackstone_bricks",
                        "speed": 9
                        
                    },
                    {
                        "block": "minecraft:crying_obsidian",
                        "speed": 9
                        
                    },
                    {
                        "block": "minecraft:cyan_glazed_terracotta",
                        "speed": 9
                        
                    },
                    {
                        "block": "minecraft:dark_prismarine_stairs",
                        "speed": 9
                        
                    },
                    {
                        "block": "minecraft:daylight_detector",
                        "speed": 9
                        
                    },
                    {
                        "block": "minecraft:detector_rail",
                        "speed": 9
                        
                    },
                    {
                        "block": "minecraft:diamond_block",
                        "speed": 9
                        
                    },
                    {
                        "block": "minecraft:diamond_ore",
                        "speed": 9
                        
                    },
                    {
                        "block": "minecraft:diorite_stairs",
                        "speed": 9
                        
                    },
                    {
                        "block": "minecraft:dispenser",
                        "speed": 9
                        
                    },
                    {
                        "block": "minecraft:dropper",
                        "speed": 9
                        
                    },
                    {
                        "block": "minecraft:emerald_block",
                        "speed": 9
                        
                    },
                    {
                        "block": "minecraft:emerald_ore",
                        "speed": 9
                        
                    },
                    {
                        "block": "minecraft:enchanting_table",
                        "speed": 9
                        
                    },
                    {
                        "block": "minecraft:end_brick_stairs",
                        "speed": 9
                        
                    },
                    {
                        "block": "minecraft:end_bricks",
                        "speed": 9
                        
                    },
                    {
                        "block": "minecraft:end_portal_frame",
                        "speed": 9
                        
                    },
                    {
                        "block": "minecraft:end_stone",
                        "speed": 9
                        
                    },
                    {
                        "block": "minecraft:ender_chest",
                        "speed": 9
                        
                    },
                    {
                        "block": "minecraft:furnace",
                        "speed": 9
                        
                    },
                    {
                        "block": "minecraft:gilded_blackstone",
                        "speed": 9
                        
                    },
                    {
                        "block": "minecraft:gold_block",
                        "speed": 9
                        
                    },
                    {
                        "block": "minecraft:gold_ore",
                        "speed": 9
                        
                    },
                    {
                        "block": "minecraft:golden_rail",
                        "speed": 9
                        
                    },
                    {
                        "block": "minecraft:granite_stairs",
                        "speed": 9
                        
                    },
                    {
                        "block": "minecraft:gray_glazed_terracotta",
                        "speed": 9
                        
                    },
                    {
                        "block": "minecraft:green_glazed_terracotta",
                        "speed": 9
                        
                    },
                    {
                        "block": "minecraft:grindstone",
                        "speed": 9
                        
                    },
                    {
                        "block": "minecraft:hardened_clay",
                        "speed": 9
                        
                    },
                    {
                        "block": "minecraft:heavy_weighted_pressure_plate",
                        "speed": 9
                        
                    },
                    {
                        "block": "minecraft:honey_block",
                        "speed": 9
                        
                    },
                    {
                        "block": "minecraft:honeycomb_block",
                        "speed": 9
                        
                    },
                    {
                        "block": "minecraft:hopper",
                        "speed": 9
                        
                    },
                    {
                        "block": "minecraft:iron_bars",
                        "speed": 9
                        
                    },
                    {
                        "block": "minecraft:iron_block",
                        "speed": 9
                        
                    },
                    {
                        "block": "minecraft:iron_door",
                        "speed": 9
                        
                    },
                    {
                        "block": "minecraft:iron_ore",
                        "speed": 9
                        
                    },
                    {
                        "block": "minecraft:iron_trapdoor",
                        "speed": 9
                        
                    },
                    {
                        "block": "minecraft:lantern",
                        "speed": 9
                        
                    },
                    {
                        "block": "minecraft:lapis_block",
                        "speed": 9
                        
                    },
                    {
                        "block": "minecraft:lapis_ore",
                        "speed": 9
                        
                    },
                    {
                        "block": "minecraft:light_blue_glazed_terracotta",
                        "speed": 9
                        
                    },
                    {
                        "block": "minecraft:light_weighted_pressure_plate",
                        "speed": 9
                        
                    },
                    {
                        "block": "minecraft:lime_glazed_terracotta",
                        "speed": 9
                        
                    },
                    {
                        "block": "minecraft:lodestone",
                        "speed": 9
                        
                    },
                    {
                        "block": "minecraft:magenta_glazed_terracotta",
                        "speed": 9
                        
                    },
                    {
                        "block": "minecraft:magma",
                        "speed": 9
                        
                    },
                    {
                        "block": "minecraft:mob_spawner",
                        "speed": 9
                        
                    },
                    {
                        "block": "minecraft:monster_egg",
                        "speed": 9
                        
                    },
                    {
                        "block": "minecraft:mossy_cobblestone",
                        "speed": 9
                        
                    },
                    {
                        "block": "minecraft:mossy_cobblestone_stairs",
                        "speed": 9
                        
                    },
                    {
                        "block": "minecraft:mossy_stone_brick_stairs",
                        "speed": 9
                        
                    },
                    {
                        "block": "minecraft:nether_brick",
                        "speed": 9
                        
                    },
                    {
                        "block": "minecraft:nether_brick_fence",
                        "speed": 9
                        
                    },
                    {
                        "block": "minecraft:nether_brick_stairs",
                        "speed": 9
                        
                    },
                    {
                        "block": "minecraft:nether_gold_ore",
                        "speed": 9
                        
                    },
                    {
                        "block": "minecraft:netherite_block",
                        "speed": 9
                        
                    },
                    {
                        "block": "minecraft:netherrack",
                        "speed": 9
                        
                    },
                    {
                        "block": "minecraft:normal_stone_stairs",
                        "speed": 9
                        
                    },
                    {
                        "block": "minecraft:observer",
                        "speed": 9
                        
                    },
                    {
                        "block": "minecraft:obsidian",
                        "speed": 9
                        
                    },
                    {
                        "block": "minecraft:orange_glazed_terracotta",
                        "speed": 9
                        
                    },
                    {
                        "block": "minecraft:pink_glazed_terracotta",
                        "speed": 9
                        
                    },
                    {
                        "block": "minecraft:polished_andesite_stairs",
                        "speed": 9
                        
                    },
                    {
                        "block": "minecraft:polished_basalt",
                        "speed": 9
                        
                    },
                    {
                        "block": "minecraft:polished_blackstone",
                        "speed": 9
                        
                    },
                    {
                        "block": "minecraft:polished_blackstone_brick_slab",
                        "speed": 9
                        
                    },
                    {
                        "block": "minecraft:polished_blackstone_brick_stairs",
                        "speed": 9
                        
                    },
                    {
                        "block": "minecraft:polished_blackstone_brick_wall",
                        "speed": 9
                        
                    },
                    {
                        "block": "minecraft:polished_blackstone_bricks",
                        "speed": 9
                        
                    },
                    {
                        "block": "minecraft:polished_blackstone_button",
                        "speed": 9
                        
                    },
                    {
                        "block": "minecraft:polished_blackstone_pressure_plate",
                        "speed": 9
                        
                    },
                    {
                        "block": "minecraft:polished_blackstone_slab",
                        "speed": 9
                        
                    },
                    {
                        "block": "minecraft:polished_blackstone_stairs",
                        "speed": 9
                        
                    },
                    {
                        "block": "minecraft:polished_blackstone_wall",
                        "speed": 9
                        
                    },
                    {
                        "block": "minecraft:polished_diorite_stairs",
                        "speed": 9
                        
                    },
                    {
                        "block": "minecraft:polished_granite_stairs",
                        "speed": 9
                        
                    },
                    {
                        "block": "minecraft:prismarine",
                        "speed": 9
                        
                    },
                    {
                        "block": "minecraft:prismarine_bricks_stairs",
                        "speed": 9
                        
                    },
                    {
                        "block": "minecraft:prismarine_crystals",
                        "speed": 9
                        
                    },
                    {
                        "block": "minecraft:prismarine_shard",
                        "speed": 9
                        
                    },
                    {
                        "block": "minecraft:prismarine_stairs",
                        "speed": 9
                        
                    },
                    {
                        "block": "minecraft:purple_glazed_terracotta",
                        "speed": 9
                        
                    },
                    {
                        "block": "minecraft:purpur_block",
                        "speed": 9
                        
                    },
                    {
                        "block": "minecraft:purpur_stairs",
                        "speed": 9
                        
                    },
                    {
                        "block": "minecraft:quartz_block",
                        "speed": 9
                        
                    },
                    {
                        "block": "minecraft:quartz_bricks",
                        "speed": 9
                        
                    },
                    {
                        "block": "minecraft:quartz_ore",
                        "speed": 9
                        
                    },
                    {
                        "block": "minecraft:quartz_stairs",
                        "speed": 9
                        
                    },
                    {
                        "block": "minecraft:rail",
                        "speed": 9
                        
                    },
                    {
                        "block": "minecraft:red_glazed_terracotta",
                        "speed": 9
                        
                    },
                    {
                        "block": "minecraft:red_nether_brick",
                        "speed": 9
                        
                    },
                    {
                        "block": "minecraft:red_nether_brick_stairs",
                        "speed": 9
                        
                    },
                    {
                        "block": "minecraft:red_sandstone",
                        "speed": 9
                        
                    },
                    {
                        "block": "minecraft:red_sandstone_stairs",
                        "speed": 9
                        
                    },
                    {
                        "block": "minecraft:redstone_block",
                        "speed": 9
                        
                    },
                    {
                        "block": "minecraft:redstone_lamp",
                        "speed": 9
                        
                    },
                    {
                        "block": "minecraft:redstone_ore",
                        "speed": 9
                        
                    },
                    {
                        "block": "minecraft:repeater",
                        "speed": 9
                        
                    },
                    {
                        "block": "minecraft:respawn_anchor",
                        "speed": 9
                        
                    },
                    {
                        "block": "minecraft:sandstone",
                        "speed": 9
                        
                    },
                    {
                        "block": "minecraft:sandstone_stairs",
                        "speed": 9
                        
                    },
                    {
                        "block": "minecraft:sealantern",
                        "speed": 9
                        
                    },
                    {
                        "block": "minecraft:shroomlight",
                        "speed": 9
                        
                    },
                    {
                        "block": "minecraft:shulker_box",
                        "speed": 9
                        
                    },
                    {
                        "block": "minecraft:silver_glazed_terracotta",
                        "speed": 9
                        
                    },
                    {
                        "block": "minecraft:slime",
                        "speed": 9
                        
                    },
                    {
                        "block": "minecraft:smithing_table",
                        "speed": 9
                        
                    },
                    {
                        "block": "minecraft:smoker",
                        "speed": 9
                        
                    },
                    {
                        "block": "minecraft:smooth_quartz_stairs",
                        "speed": 9
                        
                    },
                    {
                        "block": "minecraft:smooth_red_sandstone_stairs",
                        "speed": 9
                        
                    },
                    {
                        "block": "minecraft:smooth_sandstone_stairs",
                        "speed": 9
                        
                    },
                    {
                        "block": "minecraft:smooth_stone",
                        "speed": 9
                        
                    },
                    {
                        "block": "minecraft:soul_lantern",
                        "speed": 9
                        
                    },
                    {
                        "block": "minecraft:stained_hardened_clay",
                        "speed": 9
                        
                    },
                    {
                        "block": "minecraft:sticky_piston",
                        "speed": 9
                        
                    },
                    {
                        "block": "minecraft:stone",
                        "speed": 9
                        
                    },
                    {
                        "block": "minecraft:stone_brick_stairs",
                        "speed": 9
                        
                    },
                    {
                        "block": "minecraft:stone_button",
                        "speed": 9
                        
                    },
                    {
                        "block": "minecraft:stone_pressure_plate",
                        "speed": 9
                        
                    },
                    {
                        "block": "minecraft:stone_slab",
                        "speed": 9
                        
                    },
                    {
                        "block": "minecraft:stone_slab2",
                        "speed": 9
                        
                    },
                    {
                        "block": "minecraft:stone_slab3",
                        "speed": 9
                        
                    },
                    {
                        "block": "minecraft:stone_slab4",
                        "speed": 9
                        
                    },
                    {
                        "block": "minecraft:stone_stairs",
                        "speed": 9
                        
                    },
                    {
                        "block": "minecraft:stonebrick",
                        "speed": 9
                        
                    },
                    {
                        "block": "minecraft:stonecutter_block",
                        "speed": 9
                        
                    },
                    {
                        "block": "minecraft:undyed_shulker_box",
                        "speed": 9
                        
                    },
                    {
                        "block": "minecraft:white_glazed_terracotta",
                        "speed": 9
                        
                    },
                    {
                        "block": "minecraft:yellow_glazed_terracotta",
                        "speed": 9
                        
                    }
                ]
            }
        },
        "events": {
            "has_now_tag":{
                "tag:enchantedeth": {}
            },
            "enchant": {
                "randomize": [
                    {
                        "condition": "!query.equipped_item_any_tag('enchantedeth')",
                    "weight": 10,
                    "run_command": {
                        "command": [
                            "enchant @s sharpness 1"
                        ]
                    },
"event": "has_now_tag"
                },
                {
                    "condition": "!query.equipped_item_any_tag('enchantedeth')",
                    "weight": 10,
                    "run_command": {
                        "command": [
                            "enchant @s sharpness 2"
                        ]
                    },
"event": "has_now_tag"
                },
                {
                    "condition": "!query.equipped_item_any_tag('enchantedeth')",
                    "weight": 10,
                    "run_command": {
                        "command": [
                            "enchant @s mending 1"
                        ]
                    },
"event": "has_now_tag"
                },
                {
                    "condition": "!query.equipped_item_any_tag('enchantedeth')",
                    "weight": 10,
                    "run_command": {
                        "command": [
                            "enchant @s unbreaking 1"
                        ]
                    },
"event": "has_now_tag"
                },
                {
                    "condition": "!query.equipped_item_any_tag('enchantedeth')",
                    "weight": 10,
                    "run_command": {
                        "command": [
                            "enchant @s unbreaking 2"
                        ]
                    }
                }
            ]
        },
            "57:damage_event": {
                "damage": {
                    "type": "durability",
                    "amount": 1
                }
            }
        }
    }
}