{
    "format_version": "1.16.100",
    "minecraft:item": {
        "description": {
            "identifier": "57:multidimensional_leggings",
            "category": "equipment"
        },
        "components": {

            "minecraft:armor": {
                "protection": 5
            },
            "minecraft:wearable": {
                "slot": "slot.armor.legs"
            },
            "minecraft:icon": {
                "texture": "multidimensional_leggings"
            },
            "minecraft:display_name": {
"value": "Multidimensional Leggings"
},
            "minecraft:creative_category": {
                "parent": "itemGroup.name.leggings"
            },
            "minecraft:max_stack_size": 1,
            "minecraft:enchantable": {
                "value": 7,
                "slot": "armor_legs"
            },
            "minecraft:knockback_resistance": {
                "protection": 0.1
            },
            "minecraft:durability": {
                "max_durability": 245,
                "damage_chance": {
                    "min": 90,
                    "max": 100
                }
            },
            "minecraft:repairable": {
                "repair_items": [
                    {
                        "items": [
                            "57:multidimensional_leggings",
                            "57:multidimensional"
                            ],
                            "repair_amount": 451
                    }
                ]
            }
        },
        "events": {
            "has_now_tag":{
                "event": "has_now_equip",
                "tag:enchantedeth": {}
            },
            "has_now_equip":{
                "minecraft:armor": {
                    "protection": 8
                },
                "minecraft:wearable": {
                    "slot": "slot.armor.legs"
                }
            },
            "enchant": {
                "randomize": [
                    {
                        "condition": "!query.equipped_item_any_tag('enchantedeth')",
                    "weight": 10,
                    "run_command": {
                        "command": [
                            "enchant @s unbreaking 1"
                        ]
                    },
"event": "has_now_tag"
                },
                {
                    "condition": "!query.equipped_item_any_tag('enchantedeth')",
                    "weight": 10,
                    "run_command": {
                        "command": [
                            "enchant @s unbreaking 2"
                        ]
                    },
"event": "has_now_tag"
                },
                {
                    "condition": "!query.equipped_item_any_tag('enchantedeth')",
                    "weight": 10,
                    "run_command": {
                        "command": [
                            "enchant @s protection 1"
                        ]
                    },
"event": "has_now_tag"
                },
                {
                    "condition": "!query.equipped_item_any_tag('enchantedeth')",
                    "weight": 10,
                    "run_command": {
                        "command": [
                            "enchant @s protection 2"
                        ]
                    }
                }
            ]
        }
        }
    }
}