{
	"format_version": "1.16.100",
	"minecraft:item": {
		"description": {
			"identifier": "57:temple_potion"
		},
		"components": {
			"minecraft:max_stack_size": 1,
			"minecraft:use_duration": 1.6,
			"minecraft:foil": true,
			"minecraft:food": {
				"nutrition": 0,
				"saturation_modifier": "normal",
				"can_always_eat": true,
				"on_consume": {
					"event": "consumed",
					"target": "self"
				}
			},
			"minecraft:icon": {
				"texture": "temple_potion"
			},
			"minecraft:display_name": {
				"value": "Templar's Potion"
			},
			"minecraft:use_animation": "drink"
		},
		"events": {
			"consumed": {
				"run_command": {
					"command": [
						"effect @s nausea 60 4",
						"effect @s invisibility 60 1",
						"effect @s strength 60 4"
					]
				}
			}
		}
	}
}