{
  "format_version": "1.8.0",
  "render_controllers": {
    "controller.render.the_dragon": {
      "geometry": "Geometry.default",
      "materials": [ { "*": "Material.default" } ],
      "textures": [ "Texture.default" ],
                  "is_hurt_color": {
        "r": "2.0",
        "g": "0",
        "b": "0",
        "a": "0"
      },
      "on_fire_color": {
        "r": "0",
        "g": "0",
        "b": "0",
        "a": "0"
      }
    },
    "controller.render.ghast_wither": {
      "arrays": {
        "textures": {
          "Array.skins": [ "Texture.default", "Texture.shooting" ]
        }
      },
      "geometry": "Geometry.default",
      "materials": [ { "*": "Material.default" } ],
      "textures": [ "Array.skins[variable.has_target]" ]
    },
    "controller.render.the_dragon_armor": {
      "geometry": "Geometry.default",
      "part_visibility": [
        { "*": "query.is_saddled" }
      ],
      "materials": [ { "*": "Material.charged" } ],
      "textures": [ "Texture.charged" ],
      "overlay_color": {
          "r": 1.0,
          "g": 1.0,
          "b": 1.0,
          "a": 1.0
      },
      "uv_anim": {
          "offset": [ "(query.is_saddled) ? (Math.floor(query.life_time * 20.0) + query.frame_alpha) * 0.01 : 0.0", 
                      "(query.is_saddled) ? (Math.floor(query.life_time * 20.0) + query.frame_alpha) * 0.01 : 0.0" ],
          "scale": [ 1.0, 1.0 ]
      },
      "light_color_multiplier": 0.5,
      "ignore_lighting" : true
    }
  }
}
