{
    "format_version": "1.13.0",
    "minecraft:ore_feature": {
        "description": {
            "identifier": "57:multidimensional_ore2"
        },
        "count": 5,
        "replace_rules": [
            {
                "places_block": "57:multidimensional_ore",
                "may_replace": [
                    "minecraft:netherrack"
                ]
            },
            {
                "places_block": "57:multidimensional_ore",
                "may_replace": [
                    "minecraft:stone"
                ]
            }
        ]
    }
}