{
  "format_version": "1.10.0",
  "particle_effect": {
    "description": {
      "identifier": "57:cave_ignite",
      "basic_render_parameters": {
        "material": "particles_alpha",
        "texture": "textures/particle/particles"
      }
    },  
    "components": {
      "minecraft:emitter_rate_instant": {
        "num_particles": 100
      },
      "minecraft:emitter_lifetime_once": {
        "active_time": 2
      },
      "minecraft:emitter_shape_sphere": {
        "offset": [ "Math.random(-0.5, 0.5)", "Math.random(-0.5, 0.5)", "Math.random(-0.5, 0.5)" ],
        "direction": "outwards",
        "radius": 1
      },
      "minecraft:particle_initial_speed": 5.0,
      "minecraft:particle_initial_spin": {
        "rotation": "Math.random(0, 360)",
        "rotation_rate": 0
      },
      "minecraft:particle_lifetime_expression": {
        "max_lifetime": "5"
      },
      "minecraft:particle_motion_dynamic": {
        "linear_acceleration": [ 0, -9.8, 0 ]
      },
      "minecraft:particle_motion_collision": {
        "coefficient_of_restitution": 0.5,
        "collision_drag": 4,
        "collision_radius": 0.1
      },
      "minecraft:particle_appearance_billboard": {
        "size": [ "variable.particle_random_3 * 0.075 + 0.075", "variable.particle_random_3 * 0.075 + 0.075" ],
        "facing_camera_mode": "lookat_xyz",
        "uv": {
          "texture_width": 128,
          "texture_height": 128,
          "flipbook": {
            "base_UV": [ 56, 0 ],
            "size_UV": [ 8, 8 ],
            "step_UV": [ -8, 0 ],
            "frames_per_second": 8,
            "max_frame": 8,
            "stretch_to_lifetime": true,
            "loop": false
          }
        }
      },
      "minecraft:particle_appearance_tinting": {
        "color": "#898989"
      }
    }
  }
}