{
  "format_version": "1.10.0",
  "particle_effect": {
    "description": {
      "identifier": "57:md_effect",
      "basic_render_parameters": {
        "material": "particles_alpha",
        "texture": "textures/particle/particles"
      }
    },
    "components": {
      "minecraft:emitter_rate_steady": {
        "spawn_rate": 120,
        "max_particles": 50
      },        
      "minecraft:emitter_lifetime_once": {
        "active_time": 0.2
      },
      "minecraft:emitter_shape_custom": {
        "offset": [ "Math.random(-4, 4)", "Math.random(-4, 4)", "Math.random(-4, 4)" ]
      },
      "minecraft:particle_initial_speed": 0.0,
      "minecraft:particle_lifetime_expression": {
        "max_lifetime": "Math.random(0.3, 0.5)"
      },
      "minecraft:particle_appearance_billboard": {
        "size": [ 0.125, 0.125 ],
        "facing_camera_mode": "lookat_xyz",

        "uv": {
          "texture_width": 128,
          "texture_height": 128,

          "flipbook": {
            "base_UV": [ 64, 64 ],
            "size_UV": [ 8, 8 ],
            "step_UV": [ -8, 0 ],
            "frames_per_second": 4,
            "max_frame": 8,
            "stretch_to_lifetime": true,
            "loop": false
          }
        }
      },
      "minecraft:particle_appearance_tinting": {
        "color": "#009913"
      }
    }
  }
}
